Rep,Day,d13C_smooth
271,30,-21.0021459900863
231,30,-20.313615289578
318,30,-20.9592468528573
192,30,-20.2766241783982
263,30,-21.6240412452824
252,30,-20.1372015032771
282,30,-21.0352069049799
293,30,-21.170481451138
297,30,-21.3902429159499
344,30,-21.3219452389317
233,30,-20.5782212528878
208,30,-20.3960304011234
236,30,-20.2225833983858
323,30,-20.8492932941704
213,30,-20.6452552322585
254,30,-20.3202925751069
248,30,-20.19456847934
226,30,-20.4456140610481
212,30,-20.0702540214434
302,30,-21.0782610680784
204,30,-20.4419230505115
342,30,-21.2593661075527
225,30,-20.2419485092402
30,30,-20.2264307750718
190,30,-20.2390285340981
210,30,-20.2277498534161
325,30,-20.9234507402051
186,30,-20.2712602231952
197,30,-20.3784472286037
343,30,-21.4190223181758
260,30,-20.4186316856141
221,30,-20.4977309103957
253,30,-20.1600661951731
338,30,-21.2652669241165
162,30,-21.6349162398042
249,30,-20.4936483746186
271,61,-21.144216447209
231,61,-20.4967463203554
318,61,-21.1237167163547
192,61,-20.5131245197865
263,61,-21.7768486909417
252,61,-20.4430447906895
282,61,-21.1658096705574
293,61,-21.2924310075959
297,61,-21.5376743387511
344,61,-21.3803071008425
233,61,-20.7162934592271
208,61,-20.6266755006291
236,61,-20.4586593011149
323,61,-21.0212297636301
213,61,-20.8053944629963
254,61,-20.5129948048089
248,61,-20.4205273695624
226,61,-20.639599598566
212,61,-20.2725117214164
302,61,-21.1717707329986
204,61,-20.6546692610646
342,61,-21.3238557724087
225,61,-20.427508219501
30,61,-20.4585319798076
190,61,-20.5011850158196
210,61,-20.3912026075039
325,61,-21.1090468249406
186,61,-20.5409431049969
197,61,-20.5574741425214
343,61,-21.461544695465
260,61,-20.5957765594856
221,61,-20.7007914789101
253,61,-20.3702430294672
338,61,-21.3785166744695
162,61,-21.6411556605359
249,61,-20.660821341553
271,92,-21.2739364435028
231,92,-20.6602586916491
318,92,-21.272080469522
192,92,-20.7263702905942
263,92,-21.9078583380583
252,92,-20.7189263832215
282,92,-21.2865471271048
293,92,-21.4103073631649
297,92,-21.6682350348322
344,92,-21.4296895393224
233,92,-20.8406124025245
208,92,-20.8328817073489
236,92,-20.6788989312192
323,92,-21.1747276992441
213,92,-20.9469113757012
254,92,-20.6860573544691
248,92,-20.6282512466592
226,92,-20.8163934297809
212,92,-20.4567054524648
302,92,-21.2531969791804
204,92,-20.8502929517379
342,92,-21.3822063282127
225,92,-20.5954109523323
30,92,-20.6709724242794
190,92,-20.7378504881167
210,92,-20.543976182483
325,92,-21.2767747936219
186,92,-20.785688892022
197,92,-20.7251131284406
343,92,-21.5012293762044
260,92,-20.7561362190252
221,92,-20.8839639412549
253,92,-20.5617357908942
338,92,-21.4820655825721
162,92,-21.6496979993049
249,92,-20.8118595397187
271,123,-21.3898381774539
231,123,-20.8009986254723
318,123,-21.4026929670105
192,123,-20.9140476007209
263,123,-22.0151578101908
252,123,-20.9624543413719
282,123,-21.391771040515
293,123,-21.5233901140421
297,123,-21.7793544979683
344,123,-21.4686922109903
233,123,-20.9483549375413
208,123,-21.0124843122064
236,123,-20.8821149239176
323,123,-21.3082113190435
213,123,-21.067100615977
254,123,-20.8370653809097
248,123,-20.816196170261
226,123,-20.9737442744469
212,123,-20.6199271760278
302,123,-21.3207815356061
204,123,-21.0241795459369
342,123,-21.4302490812836
225,123,-20.7430166699317
30,123,-20.8620251242293
190,123,-20.9465524703225
210,123,-20.68129888755
325,123,-21.4242467566277
186,123,-21.0036218307946
197,123,-20.8782664227261
343,123,-21.5381255418132
260,123,-20.897301652857
221,123,-21.045183068101
253,123,-20.7320730262996
338,123,-21.5755262890207
162,123,-21.6615033031441
249,123,-20.9443274723029
271,154,-21.4960405046513
231,154,-20.9274350914026
318,154,-21.5195986557347
192,154,-21.082535421849
263,154,-22.1038465133896
252,154,-21.1797490084493
282,154,-21.4804912336129
293,154,-21.6333412169826
297,154,-21.8776055757836
344,154,-21.5011924610746
233,154,-21.0473543701473
208,154,-21.1716070741974
236,154,-21.0715844815687
323,154,-21.4259659263355
213,154,-21.1736055069538
254,154,-20.9724698987826
248,154,-20.9884848261102
226,154,-21.1178448156178
212,154,-20.7696372324626
302,154,-21.3795127973314
204,154,-21.1757015656025
342,154,-21.4673906323592
225,154,-20.8774507724248
30,154,-21.0364445944929
190,154,-21.1339839800947
210,154,-20.8024572272173
325,154,-21.550937467905
186,154,-21.1998801955314
197,154,-21.0165698303675
343,154,-21.5724593663157
260,154,-21.026062254717
221,154,-21.1901214936326
253,154,-20.8878065353079
338,154,-21.6605647777539
162,154,-21.6738391047194
249,154,-21.0649594397344
271,185,-21.5928730567042
231,185,-21.0413010712965
318,185,-21.6236756089402
192,185,-21.2329247829132
263,185,-22.1746535944216
252,185,-21.372126986938
282,185,-21.5578777528772
293,185,-21.7404744703962
297,185,-21.9644321055754
344,185,-21.5273937609388
233,185,-21.1389679514931
208,185,-21.3110283852284
236,185,-21.248091255044
323,185,-21.5285627342785
213,185,-21.2675257067144
254,185,-21.09367429513
248,185,-21.145859005805
226,185,-21.2497881561336
212,185,-20.9074419683805
302,185,-21.4299910162706
204,185,-21.309181800994
342,185,-21.4975701071499
225,185,-21.000142555314
30,185,-21.1951250018839
190,185,-21.3012209926485
210,185,-20.9121794594801
325,185,-21.6589953465774
186,185,-21.3752595324647
197,185,-21.1430890476752
343,185,-21.6037793358515
260,185,-21.1436176839899
221,185,-21.3198663529233
253,185,-21.0302259508052
338,185,-21.7369301319667
162,185,-21.6857423631629
249,185,-21.1749039373578
271,216,-21.6770820362147
231,216,-21.1389273132833
318,216,-21.7118199221028
192,216,-21.3619561829924
263,216,-22.2232428397519
252,216,-21.5353195685671
282,216,-21.6275226996813
293,216,-21.8432114999036
297,216,-22.0354832245122
344,216,-21.5436771155272
233,216,-21.2194921355437
208,216,-21.426949238287
236,216,-21.4108162888743
323,216,-21.6130778079363
213,216,-21.3446595233236
254,216,-21.1981095371626
248,216,-21.2861036277385
226,216,-21.3665714580081
212,216,-21.0297074627276
302,216,-21.4690909448638
204,216,-21.4274310779949
342,216,-21.5234175994338
225,216,-21.1079769849867
30,216,-21.3359843063869
190,216,-21.4443590203862
210,216,-21.0138565237587
325,216,-21.7500430007882
186,216,-21.5267486607013
197,216,-21.2598711479957
343,216,-21.630954062595
260,216,-21.2470096373086
221,216,-21.4309057732564
253,216,-21.156110337509
338,216,-21.8031508056545
162,216,-21.6963058476602
249,216,-21.2708855490617
271,247,-21.7496796455499
231,247,-21.22114956028
318,247,-21.7847500732671
192,247,-21.4704428154077
263,247,-22.250799049501
252,247,-21.6702584484044
282,247,-21.6824741539698
293,247,-21.9419892942795
297,247,-22.0917231221387
344,247,-21.5511310281427
233,247,-21.2898873384248
208,247,-21.5204205835142
236,247,-21.5598787638137
323,247,-21.6802996214366
213,247,-21.406158470122
254,247,-21.2863301836698
248,247,-21.4097715630025
226,247,-21.4689451563571
212,247,-21.1372827904872
302,247,-21.4977127304373
204,247,-21.5254149897126
342,247,-21.5408925680172
225,247,-21.2016944944328
30,247,-21.4595465526506
190,247,-21.5644130887734
210,247,-21.1043423443703
325,247,-21.8209717858393
186,247,-21.6551262514361
197,247,-21.3648685840775
343,247,-21.65446490723
260,247,-21.3369826589051
221,247,-21.5240533445282
253,247,-21.2662211834115
338,247,-21.8598554452456
162,247,-21.705862914246
249,247,-21.3537664238025
271,278,-21.8173945159657
231,278,-21.296458286324
318,278,-21.8490777095323
192,278,-21.5655847504574
263,278,-22.2663328909187
252,278,-21.7860608339421
282,278,-21.7228939417548
293,278,-22.0401446966641
297,278,-22.1425682143163
344,278,-21.5570202176861
233,278,-21.3585067545273
208,278,-21.5994957485465
236,278,-21.6974695350683
323,278,-21.7363680015345
213,278,-21.4611520131053
254,278,-21.3644250090619
248,278,-21.521756532243
226,278,-21.5636322636739
212,278,-21.2384987923259
302,278,-21.5224947172353
204,278,-21.6031569478074
342,278,-21.5499073522452
225,278,-21.2885075790587
30,278,-21.5706150344863
190,278,-21.6698384426204
210,278,-21.1830490525497
325,278,-21.871855635949
186,278,-21.7668726290339
197,278,-21.4577584220065
343,278,-21.6762794786602
260,278,-21.4202906795624
221,278,-21.6068843957303
253,278,-21.3678217563111
338,278,-21.9099434225842
162,278,-21.7153114023264
249,278,-21.4309014045267
271,309,-21.8731436903559
231,309,-21.353783152465
318,309,-21.8974927557282
192,309,-21.6370248836499
263,309,-22.2591494110207
252,309,-21.869913401373
282,309,-21.7630447835113
293,309,-22.1360152881249
297,309,-22.1754779043133
344,309,-21.5520118305603
233,309,-21.4141575347756
208,309,-21.6524954037262
236,309,-21.8197524124375
323,309,-21.7730688343622
213,309,-21.4965637616341
254,309,-21.4249986300013
248,309,-21.6160176617023
226,309,-21.6411411305425
212,309,-21.325798468207
302,309,-21.5342270765503
204,309,-21.6710545059925
342,309,-21.5590213667046
225,309,-21.3599425311087
30,309,-21.6633654375934
190,309,-21.7497865188564
210,309,-21.257204898093
325,309,-21.9090910276354
186,309,-21.8530082580087
197,309,-21.543174655135
343,309,-21.6933531748056
260,309,-21.4869687059275
221,309,-21.6673316975596
253,309,-21.4521105563085
338,309,-21.949530779109
162,309,-21.7232176451954
249,309,-21.492605335925
271,340,-21.9150177067747
231,340,-21.3908071080203
318,340,-21.9281090407822
192,340,-21.683028928804
263,340,-22.2269142575379
252,340,-21.9196382975066
282,340,-21.785821655384
293,340,-22.2283444635314
297,340,-22.1880763376792
344,340,-21.5343294259128
233,340,-21.4546869663331
208,340,-21.6775757168327
236,340,-21.926232828684
323,340,-21.7888837335852
213,340,-21.5102378151113
254,340,-21.4662824148213
248,340,-21.6912085344732
226,340,-21.6998165787298
212,340,-21.3964046719187
302,340,-21.531325742789
204,340,-21.7137095016321
342,340,-21.5561597165729
225,340,-21.4139030786127
30,340,-21.7364441018702
190,340,-21.8020486771472
210,340,-21.3149711712569
325,340,-21.9260784525521
186,340,-21.9119624650099
197,340,-21.6122506797256
343,340,-21.705402624066
260,340,-21.5354088189755
221,340,-21.7038438033747
253,340,-21.517038090636
338,340,-21.9780148855354
162,340,-21.7295548770598
249,340,-21.5369652982904
271,371,-21.9575054392188
231,371,-21.4291505594289
318,371,-21.9556740679406
192,371,-21.7237311836834
263,371,-22.1911789987923
252,371,-21.9603059357597
282,371,-21.7870689965213
293,371,-22.3210777867264
297,371,-22.2050270436974
344,371,-21.5225723417612
233,371,-21.5020084479493
208,371,-21.6975432616576
236,371,-22.024114073459
323,371,-21.7999961172584
213,371,-21.5276843745965
254,371,-21.5028052654387
248,371,-21.7592645564774
226,371,-21.7581363275041
212,371,-21.4658180248654
302,371,-21.5318677048662
204,371,-21.728515616646
342,371,-21.5390395629685
225,371,-21.467167870655
30,371,-21.8013603024251
190,371,-21.8480400464087
210,371,-21.3544582314132
325,371,-21.9207719333022
186,371,-21.961328867606
197,371,-21.6640067512985
343,371,-21.7185372810657
260,371,-21.5849005609812
221,371,-21.7397697161601
253,371,-21.5799956377897
338,371,-22.0032171076223
162,371,-21.7373312886947
249,371,-21.5829944879724
271,402,-21.9795027066475
231,402,-21.4321227038316
318,402,-21.9575224747605
192,402,-21.72962775178
263,402,-22.1194994361553
252,402,-21.9524092530296
282,402,-21.8004737219034
293,402,-22.4026701163004
297,402,-22.1925026155002
344,402,-21.4854460273132
233,402,-21.5295348690846
208,402,-21.6758015363577
236,402,-22.1050843876435
323,402,-21.7783640112363
213,402,-21.5103529316026
254,402,-21.510430250594
248,402,-21.7993007619071
226,402,-21.7928384175212
212,402,-21.5060046766642
302,402,-21.5100805546566
204,402,-21.7450581715813
342,402,-21.5309084043899
225,402,-21.4937244029082
30,402,-21.8423814331379
190,402,-21.8530957740857
210,402,-21.3978179320315
325,402,-21.9063982428285
186,402,-21.9749723249597
197,402,-21.7149071520918
343,402,-21.7295263181773
260,402,-21.6126274631483
221,402,-21.7521289193414
253,402,-21.6120761054699
338,402,-22.0217227969433
162,402,-21.7319123821081
249,402,-21.6053958627951
271,433,-21.9778892282459
231,433,-21.3956341958948
318,433,-21.9306963164105
192,433,-21.6963933854157
263,433,-22.0080508981565
252,433,-21.8920742935061
282,433,-21.7871957927344
293,433,-22.472994314253
297,433,-22.1451564662059
344,433,-21.4201443622893
233,433,-21.5310795336658
208,433,-21.6085648206801
236,433,-22.1669409588463
323,433,-21.7215873712819
213,433,-21.4532642379523
254,433,-21.4861038668566
248,433,-21.8092823747702
226,433,-21.7989991927783
212,433,-21.5136439323316
302,433,-21.4621393090103
204,433,-21.7298879405965
342,433,-21.5062543890913
225,433,-21.4897365840146
30,433,-21.8565521646209
190,433,-21.8132368668464
210,433,-21.4181425663837
325,433,-21.8547321799482
186,433,-21.949285562775
197,433,-21.7483501421375
343,433,-21.7364553136659
260,433,-21.6132443092118
221,433,-21.7346641755563
253,433,-21.609802015962
338,433,-22.0307155045262
162,433,-21.7155257757352
249,433,-21.599347720691
271,464,-21.9941297283498
231,464,-21.3902076283469
318,464,-21.919504222554
192,464,-21.6819303555994
263,464,-21.9213142438553
252,464,-21.8578211315455
282,464,-21.7375600629289
293,464,-22.5531229495405
297,464,-22.1303733550764
344,464,-21.3879993304769
233,464,-21.5591564621418
208,464,-21.5678558608021
236,464,-22.2260504968103
323,464,-21.6843125103126
213,464,-21.4322853851699
254,464,-21.4759801578864
248,464,-21.8294200857118
226,464,-21.8226038275553
212,464,-21.5413061463703
302,464,-21.4390420943051
204,464,-21.6750871763778
342,464,-21.4582988773137
225,464,-21.5052476825125
30,464,-21.8745476870809
190,464,-21.7959072424415
210,464,-21.4093276182233
325,464,-21.7644856791059
186,464,-21.9356539984317
197,464,-21.7594665394069
343,464,-21.7474083309937
260,464,-21.632247520244
221,464,-21.7358094066074
253,464,-21.6287090696395
338,464,-22.038913895311
162,464,-21.7164728349917
249,464,-21.6145762681723
271,495,-22.0248243449891
231,495,-21.4363466511672
318,495,-21.9304178354599
192,495,-21.7028475855203
263,495,-21.8528560435789
252,495,-21.8522605316902
282,495,-21.7290007865333
293,495,-22.6655629005825
297,495,-22.1778464028728
344,495,-21.3941578203799
233,495,-21.6538412886106
208,495,-21.5515910667437
236,495,-22.2972401769015
323,495,-21.668567456078
213,495,-21.468742976512
254,495,-21.4909969988796
248,495,-21.858791751602
226,495,-21.8917880129479
212,495,-21.6095357160753
302,495,-21.4545198301187
204,495,-21.6485384172637
342,495,-21.4383891855353
225,495,-21.5609994840408
30,495,-21.8994741587329
190,495,-21.8059241365003
210,495,-21.4247297267422
325,495,-21.6892912166854
186,495,-21.9354498747933
197,495,-21.7823194630476
343,495,-21.7578905113514
260,495,-21.6963810567386
221,495,-21.7735423421644
253,495,-21.6907290921891
338,495,-22.0470089771862
162,495,-21.7202355155147
249,495,-21.6658758112133
271,526,-22.0504024523751
231,526,-21.4965892581813
318,526,-21.9409845762138
192,526,-21.7278546795095
263,526,-21.7744414585934
252,526,-21.8385814303768
282,526,-21.8018031630459
293,526,-22.7935254639428
297,526,-22.2480556903845
344,526,-21.4069492379218
233,526,-21.7802105767394
208,526,-21.5264806740851
236,526,-22.3698737590338
323,526,-21.6476866084544
213,526,-21.5214008493975
254,526,-21.5076771858188
248,526,-21.8790728621855
226,526,-21.9779051705544
212,526,-21.688560717257
302,526,-21.4805713237151
204,526,-21.6630861830731
342,526,-21.4778554239306
225,526,-21.6287071713654
30,526,-21.9167301711059
190,526,-21.8104382435879
210,526,-21.5007164354883
325,526,-21.6115302933097
186,526,-21.9243159929486
197,526,-21.8368032380956
343,526,-21.7642551399103
260,526,-21.7779397509086
221,526,-21.8206003603408
253,526,-21.7643809674172
338,526,-22.0498823879977
162,526,-21.7148891836827
249,526,-21.7264901165269
271,557,-22.088072629115
231,557,-21.5545095578865
318,557,-21.952126742704
192,557,-21.7430049302886
263,557,-21.7178492343673
252,557,-21.8361711598032
282,557,-21.9068778930128
293,557,-22.8991398357949
297,557,-22.3045664169155
344,557,-21.4324793430194
233,557,-21.8782797413308
208,557,-21.5177381673432
236,557,-22.4221228297728
323,557,-21.6332758385488
213,557,-21.5722819465932
254,557,-21.5205521435439
248,557,-21.90437055742
226,557,-22.0417670704091
212,557,-21.7554770221911
302,557,-21.505596533001
204,557,-21.6830051534293
342,557,-21.5440023268471
225,557,-21.6848741087153
30,557,-21.9304295643777
190,557,-21.8203936698586
210,557,-21.6036592002385
325,557,-21.5102096941779
186,557,-21.9150436076151
197,557,-21.9025819222693
343,557,-21.7758584961048
260,557,-21.8407463314054
221,557,-21.8575568556046
253,557,-21.8250809828761
338,557,-22.0475387376214
162,557,-21.7326253210238
249,557,-21.7838195817328
271,588,-22.154844429136
231,588,-21.6277605199154
318,588,-21.9765543111488
192,588,-21.7682535305887
263,588,-21.7030949549863
252,588,-21.8687226932835
282,588,-21.9875974820524
293,588,-23.0093402168859
297,588,-22.3776458998741
344,588,-21.5167158934254
233,588,-21.9731707731765
208,588,-21.5483426015594
236,588,-22.4496674625075
323,588,-21.6422011587104
213,588,-21.6723885405607
254,588,-21.5372104954857
248,588,-21.935878845737
226,588,-22.099841991578
212,588,-21.8414129024292
302,588,-21.5574951404114
204,588,-21.7033231063771
342,588,-21.5921391470229
225,588,-21.7543263496211
30,588,-21.9355554195437
190,588,-21.8504250099617
210,588,-21.6819205285289
325,588,-21.4338998225383
186,588,-21.9052026880188
197,588,-21.9533732337402
343,588,-21.7911526911311
260,588,-21.8987621712971
221,588,-21.9024962930861
253,588,-21.9134650078263
338,588,-22.0413419010609
162,588,-21.7724368316132
249,588,-21.8518171376128
271,619,-22.2387949858545
231,619,-21.7228505585766
318,619,-22.0116542034973
192,619,-21.8068250746966
263,619,-21.7096365590107
252,619,-21.9309293880053
282,619,-22.1052066098299
293,619,-23.1370248779186
297,619,-22.4788231016869
344,619,-21.6435969812813
233,619,-22.0919130504243
208,619,-21.599005728776
236,619,-22.4662862521108
323,619,-21.6642039489792
213,619,-21.8181792933189
254,619,-21.5610669254445
248,619,-21.9671990851582
226,619,-22.1694601673521
212,619,-21.9533956470052
302,619,-21.6353423556956
204,619,-21.7523964796219
342,619,-21.6573778380978
225,619,-21.8453446863577
30,619,-21.9335465105172
190,619,-21.8920078270148
210,619,-21.7561793774746
325,619,-21.3855242312299
186,619,-21.8894987227472
197,619,-21.9922203040999
343,619,-21.8051101632159
260,619,-21.9689976598607
221,619,-21.9607352236127
253,619,-22.0329518392289
338,619,-22.03209570293
162,619,-21.81502834448
249,619,-21.9355342959641
271,650,-22.3137342471112
231,650,-21.8066369493811
318,650,-22.0353641362346
192,650,-21.8196769576667
263,650,-21.7084163236207
252,650,-21.998679151977
282,650,-22.2740560674259
293,650,-23.2232691199998
297,650,-22.5435556891856
344,650,-21.7261838680868
233,650,-22.1773830689114
208,650,-21.6315400790111
236,650,-22.4772985673743
323,650,-21.6702031319989
213,650,-21.9098617319714
254,650,-21.5803919488141
248,650,-22.0010494400273
226,650,-22.2127262991034
212,650,-22.0323696544182
302,650,-21.684301427732
204,650,-21.8253533188873
342,650,-21.7547828428614
225,650,-21.9096145912702
30,650,-21.9382002168527
190,650,-21.9213476798747
210,650,-21.8497923906939
325,650,-21.3399645115419
186,650,-21.8764262455607
197,650,-22.0327293331838
343,650,-21.8218676823395
260,650,-22.0198490500606
221,650,-21.993695170197
253,650,-22.1031321561878
338,650,-22.0189646775201
162,650,-21.8651589285833
249,650,-22.0090193259302
271,681,-22.4089194221836
231,681,-21.8633977552725
318,681,-22.0513661403655
192,681,-21.7983610153658
263,681,-21.7126012345551
252,681,-22.0478598932068
282,681,-22.3671775275818
293,681,-23.2349556137572
297,681,-22.5713473758615
344,681,-21.789292901443
233,681,-22.2023142206939
208,681,-21.6459428165462
236,681,-22.4614654874852
323,681,-21.6701608579513
213,681,-21.9554258396964
254,681,-21.5831555555392
248,681,-22.0325924223054
226,681,-22.2132101739961
212,681,-22.079438142894
302,681,-21.6897327903519
204,681,-21.8673788142456
342,681,-21.8095921477764
225,681,-21.9361523418541
30,681,-21.9396129051064
190,681,-21.9337761524189
210,681,-21.9151386054775
325,681,-21.3037281243988
186,681,-21.8635409203461
197,681,-22.0644626415287
343,681,-21.8499707785529
260,681,-22.0357888883578
221,681,-21.9945605790074
253,681,-22.1256454305533
338,681,-22.0012921166377
162,681,-21.9245204792976
249,681,-22.0762645569462
271,712,-22.5314947925216
231,712,-21.9129888234289
318,712,-22.0716775676514
192,712,-21.7652728710989
263,712,-21.735673190477
252,712,-22.0543595197029
282,712,-22.3900933267939
293,712,-23.2131393055135
297,712,-22.5962341457491
344,712,-21.8748312794987
233,712,-22.2036157484285
208,712,-21.6638886723306
236,712,-22.4203281449152
323,712,-21.6780804604091
213,712,-22.0050704295826
254,712,-21.5767973456378
248,712,-22.0613442563812
226,712,-22.1952963850007
212,712,-22.1244347858233
302,712,-21.6858906006973
204,712,-21.8671787184729
342,712,-21.8205747353056
225,712,-21.9519163322106
30,712,-21.9322145992327
190,712,-21.9446855653802
210,712,-21.9425971046701
325,712,-21.2830141842094
186,712,-21.8486719639195
197,712,-22.0740683592684
343,712,-21.8876058575176
260,712,-22.0366359904103
221,712,-21.9857429314675
253,712,-22.1415349765156
338,712,-21.9800295579451
162,712,-21.9944393393492
249,712,-22.148862634895
271,743,-22.6221009142237
231,743,-21.9756341057134
318,743,-22.0867391157119
192,743,-21.7276356010784
263,743,-21.7490468379532
252,743,-21.9932454249282
282,743,-22.4126373572045
293,743,-23.2101539099188
297,743,-22.6054720714954
344,743,-21.921496539576
233,743,-22.2204279238533
208,743,-21.6797065263833
236,743,-22.3933759883821
323,743,-21.670942637103
213,743,-22.0223162735994
254,743,-21.578792249614
248,743,-22.0965536752395
226,743,-22.1823118421986
212,743,-22.1513996644523
302,743,-21.6912786926118
204,743,-21.8587351364958
342,743,-21.8273035527065
225,743,-21.9655052095935
30,743,-21.9363031648835
190,743,-21.9603725828989
210,743,-21.9563484766093
325,743,-21.2739506887386
186,743,-21.8407242394351
197,743,-22.0686293580541
343,743,-21.9233710026293
260,743,-22.0438060129788
221,743,-21.9725043034727
253,743,-22.1294972366885
338,743,-21.9567539045167
162,743,-22.0791262487255
249,743,-22.2122623035911
271,774,-22.6816727621567
231,774,-22.051778110567
318,774,-22.0925746142771
192,774,-21.6192905053757
263,774,-21.7484858375413
252,774,-21.8958490045435
282,774,-22.4043086250241
293,774,-23.1881674772844
297,774,-22.5625993867892
344,774,-21.8725133658237
233,774,-22.2382083779713
208,774,-21.6530407161253
236,774,-22.3817288806309
323,774,-21.6195288682613
213,774,-21.948371468355
254,774,-21.5587716999063
248,774,-22.1076802991199
226,774,-22.1354388078495
212,774,-22.143590055835
302,774,-21.6744940930799
204,774,-21.8551477866121
342,774,-21.8162225336345
225,774,-21.9325571362032
30,774,-21.9727058654198
190,774,-21.9761638833497
210,774,-21.9594740168251
325,774,-21.2679384239444
186,774,-21.8074081632305
197,774,-22.0683600706988
343,774,-21.9543288523146
260,774,-22.0482088417224
221,774,-21.9064460290723
253,774,-22.033135285114
338,774,-21.9234707364548
162,774,-22.1944303138691
249,774,-22.2677687905398
271,805,-22.7395611803027
231,805,-22.1282755924049
318,805,-22.0918074004373
192,805,-21.4547042540677
263,805,-21.7472155453916
252,805,-21.8224541698537
282,805,-22.2763131120518
293,805,-23.1290329691299
297,805,-22.482236436441
344,805,-21.7771732072965
233,805,-22.2366749844186
208,805,-21.5988178107373
236,805,-22.3620487213208
323,805,-21.544487514959
213,805,-21.8182627709946
254,805,-21.5136432548033
248,805,-22.0988584867881
226,805,-22.0516943575064
212,805,-22.1096779809395
302,805,-21.6336258925675
204,805,-21.7980383969227
342,805,-21.7276690349895
225,805,-21.8573906014596
30,805,-22.022457252327
190,805,-21.9881912891047
210,805,-21.9133819797686
325,805,-21.2455033358537
186,805,-21.7518382037077
197,805,-22.0384362697989
343,805,-21.9865979201731
260,805,-22.0383757415848
221,805,-21.7973597507644
253,805,-21.8784020553746
338,805,-21.8799318578295
162,805,-22.3382686152144
249,805,-22.3201015470912
271,836,-22.7790305284326
231,836,-22.2049658720514
318,836,-22.0847774328519
192,836,-21.3620379783741
263,836,-21.74284315146
252,836,-21.6932075762268
282,836,-22.0666253742743
293,836,-23.114611466918
297,836,-22.4282624597794
344,836,-21.7332737486758
233,836,-22.2463583788833
208,836,-21.5942900378784
236,836,-22.337138014541
323,836,-21.4975995961959
213,836,-21.7362389442923
254,836,-21.5017960335848
248,836,-22.1313490790177
226,836,-22.0081576211899
212,836,-22.0718256368826
302,836,-21.6314160201415
204,836,-21.6966223922669
342,836,-21.5840707705809
225,836,-21.8216247434457
30,836,-22.0461661234437
190,836,-22.0039591803002
210,836,-21.8257724566786
325,836,-21.2177967029504
186,836,-21.7360253021176
197,836,-21.9779357474761
343,836,-22.0223601023602
260,836,-22.032154438254
221,836,-21.7377930071175
253,836,-21.7675187793961
338,836,-21.8393335076668
162,836,-22.4879538537362
249,836,-22.3598306528275
271,867,-22.7313238852371
231,867,-22.2773901727148
318,867,-22.0031417159423
192,867,-21.2714179129719
263,867,-21.6711796321621
252,867,-21.4978376666667
282,867,-21.9348972791832
293,867,-23.1217546879582
297,867,-22.3424273832391
344,867,-21.6426110848018
233,867,-22.234987014098
208,867,-21.6035986672888
236,867,-22.2689343543386
323,867,-21.4159260523031
213,867,-21.6097862895105
254,867,-21.4855576616703
248,867,-22.1815682491679
226,867,-21.9565226155714
212,867,-21.9613534179308
302,867,-21.6003626266306
204,867,-21.6653900360502
342,867,-21.4950072094274
225,867,-21.7557355767981
30,867,-22.0128502737953
190,867,-21.959226483591
210,867,-21.7691644982665
325,867,-21.222157309878
186,867,-21.7176493005258
197,867,-21.9579259658309
343,867,-22.0309326388178
260,867,-21.9960100135728
221,867,-21.6546830543009
253,867,-21.6300930992376
338,867,-21.720681551045
162,867,-22.6604458257673
249,867,-22.3453025426155
271,898,-22.6241703000761
231,898,-22.3490762033108
318,898,-21.868238772416
192,898,-21.1351789572748
263,898,-21.552626293893
252,898,-21.401001033932
282,898,-21.7797754433164
293,898,-23.1162433932408
297,898,-22.2083510763847
344,898,-21.4771837587379
233,898,-22.1957581221378
208,898,-21.594592264988
236,898,-22.1699639689631
323,898,-21.2882130659974
213,898,-21.4093653089555
254,898,-21.4484217801474
248,898,-22.2238154856675
226,898,-21.8690383566115
212,898,-21.7878908849281
302,898,-21.5252270175624
204,898,-21.6488560386273
342,898,-21.380454915424
225,898,-21.6397845495529
30,898,-21.9543683866441
190,898,-21.8682324977765
210,898,-21.6702267590622
325,898,-21.2084754812805
186,898,-21.676529708815
197,898,-21.9624259490832
343,898,-22.019004622369
260,898,-21.9310896341327
221,898,-21.5231784398012
253,898,-21.4312161951561
338,898,-21.5417028121894
162,898,-22.8580599564451
249,898,-22.2948927512644
271,929,-22.5855630887248
231,929,-22.4318430132244
318,929,-21.8149308383618
192,929,-21.1147952396072
263,929,-21.5116758215776
252,929,-21.3751475671871
282,929,-21.5389912471736
293,929,-23.1633322297492
297,929,-22.1527176932401
344,929,-21.4400931275006
233,929,-22.1974055077038
208,929,-21.6500840030541
236,929,-22.1189123138066
323,929,-21.2437695198576
213,929,-21.3336860669676
254,929,-21.4805265317976
248,929,-22.316176601895
226,929,-21.8536164732646
212,929,-21.6910639848585
302,929,-21.547145854051
204,929,-21.5999201294929
342,929,-21.2046601424256
225,929,-21.6297689498923
30,929,-21.9255905921837
190,929,-21.8562021612106
210,929,-21.5144428608315
325,929,-21.1706547688037
186,929,-21.7078869699622
197,929,-21.9598309366184
343,929,-22.0448157284913
260,929,-21.9072641527446
221,929,-21.5081436391628
253,929,-21.326334606373
338,929,-21.4636749688472
162,929,-23.0361423899511
249,929,-22.2892150082707
271,960,-22.5710569309183
231,960,-22.514607310042
318,960,-21.8290754797323
192,960,-21.2312719837857
263,960,-21.5068214134856
252,960,-21.3397618209212
282,960,-21.4308237041898
293,960,-23.2848236774106
297,960,-22.1755394522368
344,960,-21.5082573955344
233,960,-22.2203077906906
208,960,-21.7629557521625
236,960,-22.0679463674813
323,960,-21.2503230109874
213,960,-21.370041200531
254,960,-21.579835700827
248,960,-22.4764479592984
226,960,-21.9224986675267
212,960,-21.6123348197289
302,960,-21.6596182103691
204,960,-21.6456501007614
342,960,-21.1436068943907
225,960,-21.7351372327821
30,960,-21.8588189883437
190,960,-21.9078663907657
210,960,-21.4625543051395
325,960,-21.2120537975938
186,960,-21.8308956775971
197,960,-21.9977727132849
343,960,-22.0976033474115
260,960,-21.8936808184054
221,960,-21.6380467380523
253,960,-21.2815406600733
338,960,-21.4458968269543
162,960,-23.1756055606779
249,960,-22.2987312000054
271,991,-22.5262370074933
231,991,-22.5950130521455
318,991,-21.8468594071564
192,991,-21.3925670513564
263,991,-21.4869344981707
252,991,-21.3800523858806
282,991,-21.4546328412197
293,991,-23.440641902274
297,991,-22.2132701338396
344,991,-21.5770742277881
233,991,-22.2373889562074
208,991,-21.8895859144494
236,991,-21.9910758209819
323,991,-21.2479188037769
213,991,-21.4138035049483
254,991,-21.6998787659815
248,991,-22.6692458490998
226,991,-22.0174317984982
212,991,-21.4967738024016
302,991,-21.7899611615496
204,991,-21.8139614169862
342,991,-21.1836553362322
225,991,-21.8707944162525
30,991,-21.7476128226167
190,991,-21.9617561458677
210,991,-21.5006752208226
325,991,-21.32782584962
186,991,-21.989966534273
197,991,-22.0662602715565
343,991,-22.1489559319985
260,991,-21.8649755161036
221,991,-21.8212322875181
253,991,-21.2241487831561
338,991,-21.4149241435814
162,991,-23.3009289272105
249,991,-22.2899156640253
271,1022,-22.5641423858778
231,1022,-22.6979701651123
318,1022,-21.9286385737375
192,1022,-21.5905835272385
263,1022,-21.5620751059842
252,1022,-21.5530646007614
282,1022,-21.4974331294949
293,1022,-23.6032240805063
297,1022,-22.2972562351225
344,1022,-21.7273641720341
233,1022,-22.3062008567782
208,1022,-22.0580324591841
236,1022,-21.9997501982743
323,1022,-21.3243422817347
213,1022,-21.525803282037
254,1022,-21.864142411852
248,1022,-22.8728859793387
226,1022,-22.14058523079
212,1022,-21.4894193461439
302,1022,-21.9800383698472
204,1022,-22.0296684087614
342,1022,-21.2344526866712
225,1022,-22.0509226330824
30,1022,-21.7387279495405
190,1022,-22.0737964287011
210,1022,-21.5474989916829
325,1022,-21.4627890088653
186,1022,-22.1681741463526
197,1022,-22.1431757971571
343,1022,-22.2306397516929
260,1022,-21.8992520526377
221,1022,-22.042379461177
253,1022,-21.251438664414
338,1022,-21.4829200231784
162,1022,-23.4328091700195
249,1022,-22.3374008066059
271,1053,-22.7131859929743
231,1053,-22.8211616254097
318,1053,-22.1038668002007
192,1053,-21.8856638360104
263,1053,-21.8072963584484
252,1053,-21.7989959483172
282,1053,-21.6089852490159
293,1053,-23.8343347326447
297,1053,-22.4631070052964
344,1053,-22.0562630078513
233,1053,-22.4473476825088
208,1053,-22.280536130024
236,1053,-22.1105893701547
323,1053,-21.5619022287274
213,1053,-21.7581410337832
254,1053,-22.1047175968248
248,1053,-23.1296016700592
226,1053,-22.3168280627575
212,1053,-21.6406692842861
302,1053,-22.3143515873087
204,1053,-22.2651871672632
342,1053,-21.3569135303797
225,1053,-22.3289834216687
30,1053,-21.8219129964406
190,1053,-22.2853563197525
210,1053,-21.6626360017344
325,1053,-21.6447991034964
186,1053,-22.4042745756593
197,1053,-22.2579608648113
343,1053,-22.3342735190505
260,1053,-22.0142147565552
221,1053,-22.334555600566
253,1053,-21.3731236214832
338,1053,-21.6627977583819
162,1053,-23.5698163692155
249,1053,-22.4289486538251
271,1084,-22.904623169791
231,1084,-22.9525281090958
318,1084,-22.3322363123762
192,1084,-22.2697346470637
263,1084,-22.14395037462
252,1084,-22.0277832353801
282,1084,-21.9315915753118
293,1084,-24.1330619335752
297,1084,-22.6873966560648
344,1084,-22.5004641121757
233,1084,-22.6262326021208
208,1084,-22.5439096045187
236,1084,-22.2580089567798
323,1084,-21.894540555425
213,1084,-22.0707448790502
254,1084,-22.399379938871
248,1084,-23.4400342286961
226,1084,-22.53828626576
212,1084,-21.8587148149288
302,1084,-22.7508991324283
204,1084,-22.658519127544
342,1084,-21.6149956331135
225,1084,-22.6833595678829
30,1084,-21.9185555975727
190,1084,-22.5566749169843
210,1084,-21.9311849689388
325,1084,-21.9718296695862
186,1084,-22.6985481756189
197,1084,-22.4254437598401
343,1084,-22.4480671085478
260,1084,-22.1630870575126
221,1084,-22.6978634550284
253,1084,-21.5395376735774
338,1084,-21.8914895292195
162,1084,-23.7051997444157
249,1084,-22.528147609438
271,1115,-23.1057566049149
231,1115,-23.1023660911339
318,1115,-22.5694606710257
192,1115,-22.6320754125366
263,1115,-22.4515456811525
252,1115,-22.3168656184285
282,1115,-22.4094639190277
293,1115,-24.3778281909874
297,1115,-22.9129191282405
344,1115,-22.9001244288144
233,1115,-22.8176059360619
208,1115,-22.8380687527753
236,1115,-22.4301521061573
323,1115,-22.1874923355417
213,1115,-22.3861865449705
254,1115,-22.6901431119587
248,1115,-23.7201113443753
226,1115,-22.7580145139143
212,1115,-22.0752843984946
302,1115,-23.1417895171312
204,1115,-23.1909149828843
342,1115,-21.9650642110364
225,1115,-23.0156150757163
30,1115,-22.0728701178698
190,1115,-22.8219822487948
210,1115,-22.2981288202297
325,1115,-22.4045536243385
186,1115,-22.9763559899976
197,1115,-22.6278208456402
343,1115,-22.5986735325069
260,1115,-22.3272514139726
221,1115,-23.0675353098907
253,1115,-21.7588915618558
338,1115,-22.1671867712271
162,1115,-24.0219565817479
249,1115,-22.6733696462356
271,1146,-23.3779168010475
231,1146,-23.2947072968403
318,1146,-22.841455254768
192,1146,-23.0427139334141
263,1146,-22.8177217589762
252,1146,-22.7255780202632
282,1146,-22.7952271128376
293,1146,-24.5547383293708
297,1146,-23.1507916175968
344,1146,-23.3852868564249
233,1146,-23.0476671768352
208,1146,-23.1982487925343
236,1146,-22.7006037335109
323,1146,-22.5796573580896
213,1146,-22.7651164477699
254,1146,-23.044636505217
248,1146,-24.0099106668298
226,1146,-22.9770769749432
212,1146,-22.377578109226
302,1146,-23.5255128975406
204,1146,-23.5996647118026
342,1146,-22.3066450244321
225,1146,-23.3583781727928
30,1146,-22.35701619896
190,1146,-23.1050896499309
210,1146,-22.6129042530784
325,1146,-22.7648758676154
186,1146,-23.2988963905143
197,1146,-22.84558581405
343,1146,-22.8169490964876
260,1146,-22.5643028820298
221,1146,-23.4880745720125
253,1146,-22.0894526886639
338,1146,-22.5255605845924
162,1146,-24.4701340112744
249,1146,-22.9148917388372
271,1177,-23.7241090595266
231,1177,-23.5145133692458
318,1177,-23.164898812306
192,1177,-23.5419362269395
263,1177,-23.280976090716
252,1177,-23.4330147055542
282,1177,-23.1630412556708
293,1177,-24.7311385159832
297,1177,-23.4266879613161
344,1177,-24.00995359285
233,1177,-23.3191566794184
208,1177,-23.6225519194246
236,1177,-23.0538471286736
323,1177,-23.1043836124484
213,1177,-23.2365720131815
254,1177,-23.4745350969619
248,1177,-24.3435096940814
226,1177,-23.2232787806991
212,1177,-22.7778917359483
302,1177,-23.9705321539507
204,1177,-23.957190039612
342,1177,-22.7092707222227
225,1177,-23.7575658506717
30,1177,-22.7226728798567
190,1177,-23.4355603671496
210,1177,-22.9384250920403
325,1177,-23.1435277532084
186,1177,-23.6891124493121
197,1177,-23.1708574011531
343,1177,-23.0802368787103
260,1177,-22.8645035171489
221,1177,-23.9832989069998
253,1177,-22.5137263785319
338,1177,-22.9610553264585
162,1177,-24.7134722508631
249,1177,-23.2183300057983
271,1208,-24.0241482668936
231,1208,-23.7134756598857
318,1208,-23.4816499595273
192,1208,-23.974409069639
263,1208,-23.6471042055662
252,1208,-23.6403255240581
282,1208,-23.6231625994074
293,1208,-24.9073132726668
297,1208,-23.7052370623244
344,1208,-24.5002205306749
233,1208,-23.5716360579718
208,1208,-24.0451944703859
236,1208,-23.3443730015672
323,1208,-23.4685784728841
213,1208,-23.6757054825987
254,1208,-23.8379209449419
248,1208,-24.6278358876892
226,1208,-23.4897860514932
212,1208,-23.0955973109579
302,1208,-24.3739148845421
204,1208,-24.3837346506582
342,1208,-23.2081504072074
225,1208,-24.1346752592476
30,1208,-23.0333336215711
190,1208,-23.756252296864
210,1208,-23.3389513911125
325,1208,-23.6098485804147
186,1208,-24.0149822607931
197,1208,-23.5863753265853
343,1208,-23.334920050487
260,1208,-23.1082362768467
221,1208,-24.4574119882997
253,1208,-22.9262802558958
338,1208,-23.4100223177942
162,1208,-24.9365343592161
249,1208,-23.4950651358147
271,1239,-24.3646684649442
231,1239,-23.9052021139785
318,1239,-23.83902485601
192,1239,-24.381201626778
263,1239,-23.9705637782575
252,1239,-23.8437829423578
282,1239,-23.9823602061473
293,1239,-25.0979388323383
297,1239,-23.9829262356113
344,1239,-24.8617451860116
233,1239,-23.8342199972044
208,1239,-24.534288903011
236,1239,-23.638647691413
323,1239,-23.6733337629947
213,1239,-24.1328207630879
254,1239,-24.1873545234364
248,1239,-24.8852757425781
226,1239,-23.8250667024801
212,1239,-23.3895756122741
302,1239,-24.7514558178677
204,1239,-24.6883214620082
342,1239,-23.6513245204858
225,1239,-24.5505665941407
30,1239,-23.3752542022562
190,1239,-24.1268251355013
210,1239,-23.6659391919286
325,1239,-23.9536551673556
186,1239,-24.331623699108
197,1239,-23.9085647575134
343,1239,-23.6482613484631
260,1239,-23.3213141918062
221,1239,-25.02204811226
253,1239,-23.4019352812282
338,1239,-24.0012237635541
162,1239,-25.2134961201322
249,1239,-23.8510949493811
271,1270,-25.2576808596893
231,1270,-24.1185067291674
318,1270,-24.2569772969088
192,1270,-24.8315414857185
263,1270,-24.3417664472716
252,1270,-24.0151826831406
282,1270,-24.2089723637875
293,1270,-25.3023547807179
297,1270,-24.2806228000929
344,1270,-25.5961446355177
233,1270,-24.1323645528736
208,1270,-25.0993890604586
236,1270,-24.0006598145902
323,1270,-23.8744568376411
213,1270,-24.6565798703997
254,1270,-24.5844982341858
248,1270,-25.1582454444818
226,1270,-24.2175889513111
212,1270,-23.7439709002208
302,1270,-25.1527441932121
204,1270,-24.8303241690366
342,1270,-24.12770759537
225,1270,-25.0303809013384
30,1270,-23.8041493718009
190,1270,-24.5617997210808
210,1270,-23.9522701319611
325,1270,-24.1732049154985
186,1270,-24.6920953081489
197,1270,-24.1917888948728
343,1270,-24.0290197450551
260,1270,-23.5636745561672
221,1270,-25.688222486448
253,1270,-23.972841106514
338,1270,-24.73549128741
162,1270,-25.5399056484122
249,1270,-24.3065581284265
271,1301,-25.5370108392432
231,1301,-24.5078521635218
318,1301,-24.636322351476
192,1301,-25.2123330561314
263,1301,-24.6204386874299
252,1301,-24.1018199628838
282,1301,-24.4090934832187
293,1301,-25.6616760477889
297,1301,-24.599525664585
344,1301,-25.857550245108
233,1301,-24.4001433957129
208,1301,-25.5868733580171
236,1301,-24.2811834967579
323,1301,-24.0109283679838
213,1301,-25.1196722089545
254,1301,-24.9010870261302
248,1301,-25.3837169911735
226,1301,-24.5705193720427
212,1301,-24.0160504305517
302,1301,-25.5255393748538
204,1301,-24.9171417048435
342,1301,-24.6914918837604
225,1301,-25.4420366062854
30,1301,-24.1377010488203
190,1301,-24.9363256624039
210,1301,-24.271164334101
325,1301,-24.3813893424106
186,1301,-24.9612861869296
197,1301,-24.519555127188
343,1301,-24.3358227652323
260,1301,-23.7668867226317
221,1301,-26.2092101511397
253,1301,-24.4695583934571
338,1301,-25.3572803384069
162,1301,-25.7729895797191
249,1301,-24.6440466537972
271,1332,-25.6155329969656
231,1332,-24.6691730635618
318,1332,-24.995474380339
192,1332,-25.4999697079368
263,1332,-24.7943679494493
252,1332,-24.1014450335187
282,1332,-24.5961268110327
293,1332,-25.7835286714011
297,1332,-24.9982345973583
344,1332,-25.990777556184
233,1332,-24.7027952441053
208,1332,-26.0408885963662
236,1332,-24.4628012595041
323,1332,-23.9721655335
213,1332,-25.5835403713346
254,1332,-25.1450320326484
248,1332,-25.5392116954655
226,1332,-25.4359879360582
212,1332,-24.2064666180527
302,1332,-25.9357849706168
204,1332,-24.9798348430841
342,1332,-25.1386344046386
225,1332,-25.8554497269806
30,1332,-24.4325681647919
190,1332,-25.3281582567351
210,1332,-24.5345855681092
325,1332,-24.5399764403623
186,1332,-25.1221736725703
197,1332,-24.7520049030089
343,1332,-24.6157284456612
260,1332,-23.8982467042863
221,1332,-26.5887014840557
253,1332,-24.9630359603494
338,1332,-26.012704856234
162,1332,-25.9001107214443
249,1332,-24.8899211978673
271,1363,-25.577598881761
231,1363,-24.833340088086
318,1363,-25.3874912872943
192,1363,-25.7464092472888
263,1363,-24.9382428667992
252,1363,-24.0615361709136
282,1363,-24.7283405824597
293,1363,-25.8733843536865
297,1363,-25.4840544846072
344,1363,-26.0222286816621
233,1363,-25.0585077600859
208,1363,-26.5579712918764
236,1363,-24.6253997680579
323,1363,-23.8161891443185
213,1363,-26.0857623500353
254,1363,-25.3790480118988
248,1363,-25.6514297795318
226,1363,-25.8891930035655
212,1363,-24.3886317594317
302,1363,-26.3856856931461
204,1363,-24.9272562131568
342,1363,-25.4727977184245
225,1363,-26.3133485552337
30,1363,-24.7737701956311
190,1363,-25.7777215390745
210,1363,-24.6978171893512
325,1363,-24.5754172748084
186,1363,-25.2466276157257
197,1363,-24.8415528921003
343,1363,-24.9298777088677
260,1363,-23.9834649436952
221,1363,-26.9729513461176
253,1363,-25.5178179376436
338,1363,-26.7910993480068
162,1363,-26.0054574437044
249,1363,-25.1519905365242
271,1394,-25.4788996690603
231,1394,-24.9909153697246
318,1394,-25.7651534563477
192,1394,-25.9519027382096
263,1394,-25.0421416884299
252,1394,-24.0295716509369
282,1394,-24.8021769005535
293,1394,-25.9881314592059
297,1394,-25.9812419120337
344,1394,-25.9943782350906
233,1394,-25.3307780298655
208,1394,-27.0630844333717
236,1394,-24.7657093635402
323,1394,-23.7348853175769
213,1394,-26.4632306493462
254,1394,-25.5570753499903
248,1394,-25.7311116051883
226,1394,-26.1984047365516
212,1394,-24.5289529333261
302,1394,-26.7273925639521
204,1394,-24.76048254347
342,1394,-25.7935045778584
225,1394,-26.6428699272064
30,1394,-25.0215298766101
190,1394,-26.1041682248272
210,1394,-24.8112599040155
325,1394,-24.5206372577676
186,1394,-25.3328758857114
197,1394,-24.8730952877741
343,1394,-25.158022408611
260,1394,-24.0417324377764
221,1394,-27.6242137179896
253,1394,-25.954857955285
338,1394,-27.3517501139096
162,1394,-26.0914947262505
249,1394,-25.3350188058842
271,1425,-25.375126534294
231,1425,-25.1324610411078
318,1425,-26.0812412715054
192,1425,-26.1167012447214
263,1425,-25.0961426632915
252,1425,-24.0530297494569
282,1425,-24.8882998136416
293,1425,-26.0285361649045
297,1425,-26.4140534653396
344,1425,-25.9497008300182
233,1425,-25.49548986847
208,1425,-27.4811910096766
236,1425,-24.8804603870718
323,1425,-23.6543904611806
213,1425,-26.7011395355833
254,1425,-25.6046570166014
248,1425,-25.788997534251
226,1425,-26.3814528945661
212,1425,-24.5298108283238
302,1425,-26.9049175639028
204,1425,-24.6489107561939
342,1425,-26.0405022904022
225,1425,-26.7563930669687
30,1425,-25.0399938675013
190,1425,-26.2248426765543
210,1425,-24.9295535080973
325,1425,-24.4971159013559
186,1425,-25.303994072068
197,1425,-24.905495823901
343,1425,-25.2653441829683
260,1425,-24.092240183448
221,1425,-27.8254697579551
253,1425,-26.2669120130054
338,1425,-27.6509400425511
162,1425,-26.1606875488337
249,1425,-25.3685138815019
271,1456,-25.3219706528927
231,1456,-25.2485392348658
318,1456,-26.2885351167732
192,1456,-26.3252175606065
263,1456,-25.0147640685085
252,1456,-24.0563087573445
282,1456,-24.9697546087112
293,1456,-26.0679704942053
297,1456,-26.7067457302267
344,1456,-25.9306710799933
233,1456,-25.6269566976567
208,1456,-27.7372540096151
236,1456,-24.9663831797737
323,1456,-23.4866766879095
213,1456,-26.8938163738963
254,1456,-25.537966806333
248,1456,-25.8358279285359
226,1456,-26.6443579415426
212,1456,-24.4250663737637
302,1456,-27.0517993673223
204,1456,-24.5476893066221
342,1456,-26.0984723421202
225,1456,-26.766476674212
30,1456,-24.9577085537166
190,1456,-26.2541999812368
210,1456,-24.9182433014519
325,1456,-24.4451453310608
186,1456,-25.1808280500987
197,1456,-24.8384336557127
343,1456,-25.3245454854102
260,1456,-24.2467404172347
221,1456,-27.899971387377
253,1456,-26.5506963255776
338,1456,-27.874557196983
162,1456,-26.215500891205
249,1456,-25.3167757927073
271,1487,-25.2408049413892
231,1487,-25.3120497242977
318,1487,-26.3569166624869
192,1487,-26.2820532418723
263,1487,-24.7939806196707
252,1487,-24.0195757548125
282,1487,-25.0143739775534
293,1487,-26.0915435247195
297,1487,-26.8824729613262
344,1487,-25.8236032170537
233,1487,-25.736320013733
208,1487,-27.8351029309973
236,1487,-24.9073575708763
323,1487,-23.4023836722123
213,1487,-27.0418533168254
254,1487,-25.4213172491311
248,1487,-25.7966238970983
226,1487,-26.7144477571263
212,1487,-24.3783470094097
302,1487,-27.1255851817912
204,1487,-24.3790869253884
342,1487,-26.0308227199792
225,1487,-26.800526798529
30,1487,-24.9266817664994
190,1487,-26.3070589409107
210,1487,-24.7796731851509
325,1487,-24.3121584151346
186,1487,-25.1082611177633
197,1487,-24.6662903233901
343,1487,-25.3766593927852
260,1487,-24.2461060407808
221,1487,-27.7918320024848
253,1487,-26.7831048455076
338,1487,-28.0262956390547
162,1487,-26.1977815830737
249,1487,-25.2867569062799
271,1518,-25.103802757398
231,1518,-25.337498423276
318,1518,-26.3491357201805
192,1518,-26.1448206046902
263,1518,-24.4603372842647
252,1518,-24.0739622017419
282,1518,-25.0700030757014
293,1518,-26.1010186386186
297,1518,-27.0136987018444
344,1518,-25.6228423368227
233,1518,-25.7629625663195
208,1518,-27.7764046605006
236,1518,-24.7324471935943
323,1518,-23.4137266885916
213,1518,-27.1102120372962
254,1518,-25.3817014205985
248,1518,-25.6862529700754
226,1518,-26.6866380808556
212,1518,-24.3654719178615
302,1518,-27.1788415506572
204,1518,-24.2631809476734
342,1518,-26.0453904827958
225,1518,-26.7761333865571
30,1518,-24.8871062654531
190,1518,-26.2893155517831
210,1518,-24.7736808570146
325,1518,-24.2303457798408
186,1518,-25.0052235344936
197,1518,-24.5899831382277
343,1518,-25.3827184823194
260,1518,-24.1654384737936
221,1518,-27.2330348377733
253,1518,-26.8677848417262
338,1518,-28.0066438297406
162,1518,-26.1134709226198
249,1518,-25.2267542352869
271,1549,-25.0428559379728
231,1549,-25.3778566752909
318,1549,-26.3572748856571
192,1549,-26.0943570963473
263,1549,-24.1656808891219
252,1549,-24.2535452963258
282,1549,-25.1628971311414
293,1549,-26.1336533879122
297,1549,-27.0986434703456
344,1549,-25.5329093482276
233,1549,-25.7172859256172
208,1549,-27.6850991379414
236,1549,-24.6561580950243
323,1549,-23.4279012497891
213,1549,-27.0673163669342
254,1549,-25.2831110543709
248,1549,-25.6502251409052
226,1549,-26.5773214499414
212,1549,-24.3058954218745
302,1549,-27.189601723724
204,1549,-24.2151107390677
342,1549,-26.1084767744172
225,1549,-26.6570068153185
30,1549,-24.7892048933692
190,1549,-26.1712739835237
210,1549,-24.9252679460436
325,1549,-24.2053445656074
186,1549,-24.8227912986531
197,1549,-24.5660909693051
343,1549,-25.3295302487508
260,1549,-24.2293991437124
221,1549,-26.9872490509422
253,1549,-26.8331477936708
338,1549,-27.8432346408392
162,1549,-26.0611755923013
249,1549,-25.0913261651747
271,1580,-25.0990425174873
231,1580,-25.4484353453124
318,1580,-26.3761449606608
192,1580,-26.1360819569345
263,1580,-23.7980296407681
252,1580,-24.4843915196913
282,1580,-25.2658849915833
293,1580,-26.2154389817044
297,1580,-27.0628490480894
344,1580,-25.6180282625326
233,1580,-25.7169598188035
208,1580,-27.4328751837683
236,1580,-24.6702987900799
323,1580,-23.458017387613
213,1580,-27.0665425376837
254,1580,-25.2673482275156
248,1580,-25.6944080290917
226,1580,-26.4892478950437
212,1580,-24.2786976714459
302,1580,-27.2343764151101
204,1580,-24.1750803902059
342,1580,-26.1222840542196
225,1580,-26.6397337799834
30,1580,-24.7322253245704
190,1580,-26.1643652983615
210,1580,-25.0990158982093
325,1580,-24.1717251513594
186,1580,-24.7540663165984
197,1580,-24.4972779015105
343,1580,-25.2967901451966
260,1580,-24.5704387436579
221,1580,-26.6086081099064
253,1580,-26.8876734866948
338,1580,-27.7304787504362
162,1580,-25.9831724726954
249,1580,-24.9968171212909
271,1611,-25.1899529302292
231,1611,-25.5217284576507
318,1611,-26.3619362236507
192,1611,-26.1653386796081
263,1611,-23.3151760517982
252,1611,-24.7356162561203
282,1611,-25.3466722421464
293,1611,-26.3144025149323
297,1611,-26.9261507179171
344,1611,-25.7575199689438
233,1611,-25.7779897110393
208,1611,-27.0236970553536
236,1611,-24.6661984583405
323,1611,-23.5767043387682
213,1611,-27.0588481797328
254,1611,-25.3968528397763
248,1611,-25.7375126515965
226,1611,-26.3244062845662
212,1611,-24.324011931235
302,1611,-27.3631200396509
204,1611,-24.1507643238339
342,1611,-26.1985013543126
225,1611,-26.7540413483173
30,1611,-24.7520288077809
190,1611,-26.3111715526155
210,1611,-25.3141321367884
325,1611,-24.1550780211054
186,1611,-24.8034069554773
197,1611,-24.5035890698518
343,1611,-25.2395216941633
260,1611,-25.0366771840193
221,1611,-26.0528054180714
253,1611,-27.0488926760144
338,1611,-27.6005601100289
162,1611,-25.8375241476513
249,1611,-24.909272074296
271,1642,-25.2622476131218
231,1642,-25.6314423392813
318,1642,-26.3488004855026
192,1642,-26.1978510912534
263,1642,-22.9736284081475
252,1642,-25.1312010998307
282,1642,-25.4279279723423
293,1642,-26.3718050550284
297,1642,-26.8282092507661
344,1642,-25.878550693301
233,1642,-25.8332589919378
208,1642,-26.6853338346297
236,1642,-24.7076441439007
323,1642,-23.7699106798124
213,1642,-27.0001370771387
254,1642,-25.5789075892148
248,1642,-25.7943140980442
226,1642,-26.0462834569861
212,1642,-24.3986312535795
302,1642,-27.5111770856696
204,1642,-24.1954317015586
342,1642,-26.417511462164
225,1642,-26.8800885676543
30,1642,-24.7951371396061
190,1642,-26.4830484381028
210,1642,-25.7444305365501
325,1642,-24.2050234291203
186,1642,-24.8630344292994
197,1642,-24.6453379845489
343,1642,-25.1228515960903
260,1642,-25.4262797181389
221,1642,-25.6399306021188
253,1642,-27.22064970056
338,1642,-27.362493577941
162,1642,-25.7465158545347
249,1642,-24.7766335910047
271,1673,-25.3559920291062
231,1673,-25.6832255321354
318,1673,-26.2835500701201
192,1673,-26.2786281455687
263,1673,-22.7234792411058
252,1673,-25.6461666577777
282,1673,-25.5222807168581
293,1673,-26.3761795816583
297,1673,-26.7445189184206
344,1673,-26.0320513200131
233,1673,-25.8757542753557
208,1673,-26.3210375340191
236,1673,-24.8613305546733
323,1673,-23.9207254523324
213,1673,-26.9381801261548
254,1673,-25.722578750375
248,1673,-25.8999724029993
226,1673,-25.8498763980737
212,1673,-24.4566254699937
302,1673,-27.5831433775165
204,1673,-24.2943491420756
342,1673,-26.6908596028878
225,1673,-26.9901101025179
30,1673,-24.8267888161905
190,1673,-26.6345874703003
210,1673,-26.3319016360543
325,1673,-24.3003394260288
186,1673,-24.9578449147144
197,1673,-24.8450164583757
343,1673,-25.0416300709933
260,1673,-25.8881632029979
221,1673,-24.9800893449161
253,1673,-27.3377755147948
338,1673,-27.1759361924973
162,1673,-25.7273867172438
249,1673,-24.6880924909969
271,1704,-25.494667927606
231,1704,-25.7472029743806
318,1704,-26.1539283193274
192,1704,-26.3871270610015
263,1704,-22.1434224650353
252,1704,-26.0261868333495
282,1704,-25.5823752285771
293,1704,-26.3687247137988
297,1704,-26.5991006898019
344,1704,-26.2438621568635
233,1704,-25.9793925903288
208,1704,-25.8426638703945
236,1704,-25.0757537399581
323,1704,-24.0743809870391
213,1704,-26.8303646648103
254,1704,-25.8685437325278
248,1704,-26.1878901622404
226,1704,-25.6480000030111
212,1704,-24.5067675438176
302,1704,-27.5539310215551
204,1704,-24.3531872537642
342,1704,-26.8769784650626
225,1704,-27.1233117704738
30,1704,-24.8438281093
190,1704,-26.8158704084331
210,1704,-26.7480178542631
325,1704,-24.3603531903638
186,1704,-25.1991083327456
197,1704,-25.01593708017
343,1704,-24.9938654382582
260,1704,-26.492233655419
221,1704,-24.6541139121449
253,1704,-27.4356638893453
338,1704,-26.9907386698368
162,1704,-25.7187891077154
249,1704,-24.6613279269354
271,1735,-25.6000601752686
231,1735,-25.7802531884427
318,1735,-26.0554835708802
192,1735,-26.4407440615604
263,1735,-22.0193715934639
252,1735,-26.2641489059533
282,1735,-25.5356678171839
293,1735,-26.369699977849
297,1735,-26.4544053815529
344,1735,-26.4035135647542
233,1735,-26.0202898461817
208,1735,-25.4908874823632
236,1735,-25.2374027559299
323,1735,-24.2825688129795
213,1735,-26.4577255516102
254,1735,-26.0565094574437
248,1735,-26.2728833827692
226,1735,-25.358953757952
212,1735,-24.5725326964067
302,1735,-27.4799371469178
204,1735,-24.3448906379531
342,1735,-27.0351736879887
225,1735,-27.2806849277928
30,1735,-24.8660485367245
190,1735,-27.0346111712722
210,1735,-27.0610421374167
325,1735,-24.3918871074105
186,1735,-25.547032355516
197,1735,-25.2671971739021
343,1735,-24.9366766231798
260,1735,-26.9181400685067
221,1735,-24.4612171744213
253,1735,-27.5419375926441
338,1735,-26.7343347476515
162,1735,-25.7251281353733
249,1735,-24.6523734247383
271,1766,-25.7094481427662
231,1766,-25.7406892399088
318,1766,-25.9584438848598
192,1766,-26.443703097031
263,1766,-22.0423748401664
252,1766,-26.489660367035
282,1766,-25.4237298198351
293,1766,-26.3736603069742
297,1766,-26.2664248878425
344,1766,-26.5097378552284
233,1766,-26.0201325863512
208,1766,-25.2251241160765
236,1766,-25.3291522601047
323,1766,-24.4380667692453
213,1766,-26.328866645747
254,1766,-26.1940864684161
248,1766,-26.2851182519662
226,1766,-25.1859615351249
212,1766,-24.6300441462995
302,1766,-27.3879851121085
204,1766,-24.3230966799307
342,1766,-27.2306403557361
225,1766,-27.3771425470558
30,1766,-24.8931124636438
190,1766,-27.1818495136124
210,1766,-27.4256098929489
325,1766,-24.4351692233487
186,1766,-25.7999197863248
197,1766,-25.6249699215206
343,1766,-24.9035797546384
260,1766,-27.0982587132348
221,1766,-24.4172968855515
253,1766,-27.5797710758637
338,1766,-26.5327559965957
162,1766,-25.8047511402595
249,1766,-24.6579513638674
271,1797,-25.8587664660086
231,1797,-25.6615760731397
318,1797,-25.3398334176867
192,1797,-26.4470253163489
263,1797,-22.1306496100615
252,1797,-26.6534754380409
282,1797,-25.3703785306217
293,1797,-26.3778644737613
297,1797,-26.0222294789091
344,1797,-26.6221192021329
233,1797,-25.9415291206736
208,1797,-24.9322292745866
236,1797,-25.4123536498285
323,1797,-24.4707103069116
213,1797,-26.2141356494197
254,1797,-26.2092660009574
248,1797,-26.2648128823287
226,1797,-25.1694307673509
212,1797,-24.6721576404076
302,1797,-27.2157907583416
204,1797,-24.3145151640151
342,1797,-27.330645324038
225,1797,-27.4321860114929
30,1797,-24.9351718806611
190,1797,-27.2985985546086
210,1797,-27.6427522316118
325,1797,-24.4596352080532
186,1797,-25.9916505150558
197,1797,-25.8781816988309
343,1797,-24.9356523164059
260,1797,-27.2156509823139
221,1797,-24.448346252267
253,1797,-27.5149755578277
338,1797,-26.3736831011646
162,1797,-25.9515305099973
249,1797,-24.7143936353041
271,1828,-25.9677829095001
231,1828,-25.6119200287224
318,1828,-25.3346296611813
192,1828,-26.4383027422476
263,1828,-22.2613109026734
252,1828,-26.6873672198994
282,1828,-25.2678279296303
293,1828,-26.4066277637419
297,1828,-25.8308875354994
344,1828,-26.7214657598254
233,1828,-25.8196215992302
208,1828,-24.7440372318522
236,1828,-25.7437613826205
323,1828,-24.444526781524
213,1828,-26.0809717002405
254,1828,-26.173070932593
248,1828,-26.2767788718869
226,1828,-25.2101285111635
212,1828,-24.7089891268786
302,1828,-26.9781508440128
204,1828,-24.3088272364582
342,1828,-27.3323440710765
225,1828,-27.4997890656293
30,1828,-24.9864129446223
190,1828,-27.4440596551579
210,1828,-27.6212461910035
325,1828,-24.4376760502533
186,1828,-26.4803001766018
197,1828,-26.0178572916573
343,1828,-25.0084916448628
260,1828,-27.3259935514541
221,1828,-24.5173448773261
253,1828,-27.4069515096836
338,1828,-26.2106451601982
162,1828,-26.0731589253827
249,1828,-24.8162534946869
271,1859,-26.0146774076612
231,1859,-25.5870765132033
318,1859,-25.7199618478318
192,1859,-26.4272373354021
263,1859,-23.0683314631054
252,1859,-26.6470257532077
282,1859,-25.0799261701087
293,1859,-26.4172034231319
297,1859,-25.6993797712373
344,1859,-26.8078034876127
233,1859,-25.7378808464427
208,1859,-24.7180514828782
236,1859,-25.8645497938406
323,1859,-24.4535818888794
213,1859,-26.0187758505551
254,1859,-26.2076592696355
248,1859,-26.3330639725479
226,1859,-25.3018180743596
212,1859,-24.7425521261043
302,1859,-26.8175101033976
204,1859,-24.2925845397963
342,1859,-27.3150040511339
225,1859,-27.5465732239889
30,1859,-25.0225492700715
190,1859,-27.5365549326692
210,1859,-27.492208364852
325,1859,-24.3860126349355
186,1859,-26.6329686075933
197,1859,-26.1537980031163
343,1859,-25.0573936478022
260,1859,-27.3377923897921
221,1859,-24.6899736212412
253,1859,-27.3192572610899
338,1859,-26.1184463658682
162,1859,-26.1424313543268
249,1859,-24.8975853684631
271,1890,-26.0434385975738
231,1890,-25.5490633037916
318,1890,-25.979291157907
192,1890,-26.4217880441673
263,1890,-24.2271186170457
252,1890,-26.6690806689158
282,1890,-25.0379418058893
293,1890,-26.3954191808275
297,1890,-25.5860668193515
344,1890,-26.8949443338295
233,1890,-25.6766343007823
208,1890,-24.7758541209713
236,1890,-26.0042775851138
323,1890,-24.4639284095594
213,1890,-26.0447048151301
254,1890,-26.3282034739232
248,1890,-26.3916384931743
226,1890,-25.5121489078081
212,1890,-24.7648773237095
302,1890,-26.7166384064205
204,1890,-24.2878026027736
342,1890,-27.2690600840947
225,1890,-27.5527106081459
30,1890,-25.0552364519067
190,1890,-27.5732256673648
210,1890,-27.3901791981048
325,1890,-24.3405754763604
186,1890,-26.7026927312924
197,1890,-26.253094984951
343,1890,-25.1105201052957
260,1890,-27.2472070851139
221,1890,-24.9706022730616
253,1890,-27.2146088123345
338,1890,-26.1138856311622
162,1890,-26.2098243546272
249,1890,-25.0141255384637
271,1921,-26.0725472977346
231,1921,-25.5168802970694
318,1921,-26.1643590994647
192,1921,-26.4069323727968
263,1921,-24.6171576452806
252,1921,-26.7130557196347
282,1921,-25.2010979351223
293,1921,-26.4084520463808
297,1921,-25.5270869399962
344,1921,-26.9843754363752
233,1921,-25.5962911486916
208,1921,-24.8453973175428
236,1921,-26.1187473559937
323,1921,-24.4338538610204
213,1921,-26.1026324003063
254,1921,-26.4640720819396
248,1921,-26.4702550589045
226,1921,-25.8226809643066
212,1921,-24.7734762101957
302,1921,-26.600223056756
204,1921,-24.3274039058133
342,1921,-27.1364723909243
225,1921,-27.5455658725918
30,1921,-25.0924208161831
190,1921,-27.5989939419961
210,1921,-27.2025323261543
325,1921,-24.2937104590683
186,1921,-26.7399420919924
197,1921,-26.2639674087333
343,1921,-25.1905544327002
260,1921,-27.2413947411033
221,1921,-25.230243828352
253,1921,-27.0674570488422
338,1921,-26.1585368161047
162,1921,-26.2995529919102
249,1921,-25.0721711612918
271,1952,-26.0243360528844
231,1952,-25.5058475972299
318,1952,-26.3815460208568
192,1952,-26.3396029605872
263,1952,-24.9299384436287
252,1952,-26.708351573696
282,1952,-25.4353619159307
293,1952,-26.4695229216541
297,1952,-25.5144272559195
344,1952,-27.1003803449035
233,1952,-25.5504448365502
208,1952,-25.0039647107823
236,1952,-26.2381800957842
323,1952,-24.4457760443716
213,1952,-26.1720352957911
254,1952,-26.6087172119648
248,1952,-26.5689593047487
226,1952,-26.0980433045445
212,1952,-24.7904339606389
302,1952,-26.5235849393052
204,1952,-24.391950423418
342,1952,-26.9292634983053
225,1952,-27.5625493312264
30,1952,-25.1042520741806
190,1952,-27.6038530777652
210,1952,-26.884686558475
325,1952,-24.2316454205176
186,1952,-26.7449931909234
197,1952,-26.2115695516752
343,1952,-25.224574990736
260,1952,-27.2881342548578
221,1952,-25.5451462386433
253,1952,-26.9589626279778
338,1952,-26.2443665334239
162,1952,-26.4317322332214
249,1952,-25.1176222049034
271,1983,-25.9574570225986
231,1983,-25.5019347187481
318,1983,-26.6768815158765
192,1983,-26.2303128149082
263,1983,-25.2688370127851
252,1983,-26.7464132356312
282,1983,-25.6821186921067
293,1983,-26.5352072580578
297,1983,-25.5234810962141
344,1983,-27.2274034549211
233,1983,-25.5450756382314
208,1983,-25.2619532768833
236,1983,-26.3735523905874
323,1983,-24.556346646694
213,1983,-26.2626116413594
254,1983,-26.8362709349426
248,1983,-26.6662751540104
226,1983,-26.4449917735395
212,1983,-24.8114868106611
302,1983,-26.4627779939199
204,1983,-24.4249169254517
342,1983,-26.7429616846974
225,1983,-27.5308078967348
30,1983,-25.0923886674871
190,1983,-27.49159862965
210,1983,-26.673250101137
325,1983,-24.1811338043466
186,1983,-26.6393227706636
197,1983,-26.1783952239791
343,1983,-25.1752804348537
260,1983,-27.2826166411028
221,1983,-25.9556958737129
253,1983,-26.7930883307998
338,1983,-26.4602167153606
162,1983,-26.5755631365079
249,1983,-25.1644241257501
271,2014,-25.9034393808078
231,2014,-25.4801156736284
318,2014,-26.870811817922
192,2014,-26.1444099921234
263,2014,-25.5226899371074
252,2014,-26.8344835029291
282,2014,-26.0998793015408
293,2014,-26.5877138894662
297,2014,-25.5654960305502
344,2014,-27.307173173107
233,2014,-25.5430309960141
208,2014,-25.4469851942636
236,2014,-26.4518002351544
323,2014,-24.7114508254882
213,2014,-26.3742968983568
254,2014,-27.1193829224245
248,2014,-26.7476726642681
226,2014,-26.8987734089002
212,2014,-24.8359708471559
302,2014,-26.3813540176115
204,2014,-24.3918515814097
342,2014,-26.457428003918
225,2014,-27.4296308815175
30,2014,-25.0747545771636
190,2014,-27.2758646351904
210,2014,-26.5125464590415
325,2014,-24.0938375279479
186,2014,-26.4349396562075
197,2014,-26.1236283926079
343,2014,-25.0888541041464
260,2014,-27.3031171799638
221,2014,-26.2791133564949
253,2014,-26.5408702080348
338,2014,-26.774720364641
162,2014,-26.678889903747
249,2014,-25.2182463739215
271,2045,-25.8999455390659
231,2045,-25.4589359522766
318,2045,-26.9957952449844
192,2045,-26.0054826186425
263,2045,-25.6579384690771
252,2045,-26.9192291319507
282,2045,-26.6724324687065
293,2045,-26.7044357795409
297,2045,-25.6459630560495
344,2045,-27.361588234073
233,2045,-25.5332051088861
208,2045,-25.6421072629065
236,2045,-26.4959124670608
323,2045,-24.8273565874923
213,2045,-26.471923738846
254,2045,-27.2992816936016
248,2045,-26.8136379380071
226,2045,-27.2167540602027
212,2045,-24.8617750860226
302,2045,-26.3158806810213
204,2045,-24.3336755922462
342,2045,-26.0419659676061
225,2045,-27.3746421990482
30,2045,-25.0458978236987
190,2045,-27.1114021394314
210,2045,-26.2804251065336
325,2045,-23.9715355521388
186,2045,-26.2679184724091
197,2045,-26.010206861972
343,2045,-25.0176013847989
260,2045,-27.391890895179
221,2045,-26.5478070634613
253,2045,-26.3840788215495
338,2045,-26.9995306997214
162,2045,-26.8033571857618
249,2045,-25.2573412365481
271,2076,-25.9195385586992
231,2076,-25.4479101186377
318,2076,-27.1647214164458
192,2076,-25.7943174393964
263,2076,-25.7242628981014
252,2076,-27.0012310655365
282,2076,-27.07907966727
293,2076,-26.9222760389671
297,2076,-25.7563156294808
344,2076,-27.3506734888295
233,2076,-25.5773771557521
208,2076,-25.9205247177582
236,2076,-26.5483937084799
323,2076,-24.9398249565034
213,2076,-26.6922732544582
254,2076,-27.4425622196252
248,2076,-26.8789003436864
226,2076,-27.4747693062931
212,2076,-24.9299512179306
302,2076,-26.3353669044392
204,2076,-24.306923275013
342,2076,-25.7262675409535
225,2076,-27.3535244066274
30,2076,-25.0197663173138
190,2076,-26.9954432266171
210,2076,-26.1137832038494
325,2076,-23.9161568856947
186,2076,-26.0435342358298
197,2076,-25.9262551984459
343,2076,-24.9588740322834
260,2076,-27.4976486807682
221,2076,-26.879640805922
253,2076,-26.3418385574943
338,2076,-27.2074689862832
162,2076,-26.9651720434504
249,2076,-25.303240657897
271,2107,-25.8956021596676
231,2107,-25.4084657950255
318,2107,-27.3186835177911
192,2107,-25.6620604385303
263,2107,-25.735358363926
252,2107,-27.0810702465269
282,2107,-27.4360157460425
293,2107,-27.1627087221547
297,2107,-25.8867150099858
344,2107,-27.2931395955846
233,2107,-25.670112455684
208,2107,-26.0950973896805
236,2107,-26.5654536310593
323,2107,-25.0871844015342
213,2107,-27.0260903502222
254,2107,-27.6217458923453
248,2107,-26.9502948378446
226,2107,-27.785146802414
212,2107,-25.0305155137203
302,2107,-26.4121427836654
204,2107,-24.2971734704821
342,2107,-25.5027097893305
225,2107,-27.3106648583131
30,2107,-24.9961392528774
190,2107,-26.8483475982892
210,2107,-26.1174642534439
325,2107,-23.9451680850428
186,2107,-25.722220919713
197,2107,-25.892844612091
343,2107,-24.8897637428676
260,2107,-27.5583496222795
221,2107,-27.5143434980889
253,2107,-26.3211239649175
338,2107,-27.775545596444
162,2107,-27.0440222939024
249,2107,-25.363678417647
271,2138,-25.8695017297175
231,2138,-25.3846825729302
318,2138,-27.3987747345056
192,2138,-25.6847687479102
263,2138,-25.7049200062966
252,2138,-27.2365841220829
282,2138,-27.8869108868496
293,2138,-27.3472078835135
297,2138,-26.027322456706
344,2138,-27.2602744702085
233,2138,-25.6994844179203
208,2138,-26.1697858367612
236,2138,-26.6043029006099
323,2138,-25.1895540971467
213,2138,-27.2191534182975
254,2138,-27.6869508620014
248,2138,-27.340873170906
226,2138,-27.9599905127364
212,2138,-25.0848038595464
302,2138,-26.4377577526058
204,2138,-24.2785085742561
342,2138,-25.2670559211908
225,2138,-27.2967446627153
30,2138,-24.9483115778489
190,2138,-26.7095577254388
210,2138,-26.2044649619429
325,2138,-23.998980957928
186,2138,-25.5227915839363
197,2138,-25.8652539822608
343,2138,-24.8321858139287
260,2138,-27.6292058837179
221,2138,-27.7080199981766
253,2138,-26.3354808500325
338,2138,-27.8741231350164
162,2138,-27.1018521343155
249,2138,-25.3962095560465
271,2169,-25.8696158929776
231,2169,-25.3871661664985
318,2169,-27.3460882520742
192,2169,-25.7685601828289
263,2169,-25.6466429649591
252,2169,-27.440356704381
282,2169,-28.1522795628791
293,2169,-27.3972475774533
297,2169,-26.1682992287831
344,2169,-27.2566930569885
233,2169,-25.7099882373433
208,2169,-26.3403907877095
236,2169,-26.6729064977727
323,2169,-25.2562165799876
213,2169,-27.3861319400454
254,2169,-27.6893823041698
248,2169,-27.5812248988501
226,2169,-28.0149445205429
212,2169,-25.0856246115582
302,2169,-26.5544484077245
204,2169,-24.2902182356333
342,2169,-25.1040771163514
225,2169,-27.4025197042599
30,2169,-24.849792636176
190,2169,-26.703105924435
210,2169,-26.2239122958393
325,2169,-24.063942390102
186,2169,-25.526815462779
197,2169,-25.8329193792682
343,2169,-24.7986815275331
260,2169,-27.7466972454403
221,2169,-27.7464516345214
253,2169,-26.9512493834042
338,2169,-27.8946940618275
162,2169,-27.1919989425525
249,2169,-25.4237528998284
271,2200,-25.8098482239809
231,2200,-25.3271333820295
318,2200,-27.0965433825513
192,2200,-25.8096717525717
263,2200,-25.517632672634
252,2200,-27.7468450003869
282,2200,-28.2393272264878
293,2200,-27.324832997428
297,2200,-26.4401643011887
344,2200,-27.1664826754131
233,2200,-25.7558409186608
208,2200,-26.2850726969596
236,2200,-26.6536055664405
323,2200,-25.3745480191417
213,2200,-27.6349629254129
254,2200,-27.7026721110624
248,2200,-27.7336068654996
226,2200,-28.0414382091252
212,2200,-25.0710537198796
302,2200,-26.7951992631527
204,2200,-24.3889524239184
342,2200,-25.1439602356168
225,2200,-27.8542485678361
30,2200,-24.7175957309018
190,2200,-26.7899209373252
210,2200,-26.3178779028386
325,2200,-24.2302905038784
186,2200,-25.6087828763997
197,2200,-25.8604613145364
343,2200,-24.7727060517122
260,2200,-27.8206842175227
221,2200,-27.6282969568415
253,2200,-27.3670066689513
338,2200,-27.9297072663707
162,2200,-27.1812403067013
249,2200,-25.4569403737627
271,2231,-25.6349065513537
231,2231,-25.1605551601549
318,2231,-26.7099722192933
192,2231,-25.9333073753569
263,2231,-25.3193465439459
252,2231,-27.9296539891984
282,2231,-28.290884309766
293,2231,-27.1890567352165
297,2231,-26.8172746248552
344,2231,-26.938927292756
233,2231,-25.7396985858486
208,2231,-26.0886257456543
236,2231,-26.5446750400522
323,2231,-25.3625628761019
213,2231,-27.7013260594377
254,2231,-27.6105785078715
248,2231,-27.8902221754406
226,2231,-27.9652534926677
212,2231,-25.0303284616277
302,2231,-26.8876816292968
204,2231,-24.5356527794549
342,2231,-25.3164883395169
225,2231,-28.0069941452024
30,2231,-24.5902717481294
190,2231,-26.7647898736184
210,2231,-26.5399002204652
325,2231,-24.4778279490806
186,2231,-25.6768885134949
197,2231,-25.9385215394451
343,2231,-24.7325455127909
260,2231,-27.9513178745638
221,2231,-27.4155195488144
253,2231,-27.588597929633
338,2231,-27.8532146452503
162,2231,-27.0290838772445
249,2231,-25.434896665153
271,2262,-25.1113306619573
231,2262,-24.680547362827
318,2262,-26.3133371197388
192,2262,-26.1645704185512
263,2262,-25.1320076914965
252,2262,-28.0624069415137
282,2262,-28.2309027555031
293,2262,-26.9820239427162
297,2262,-27.055548422865
344,2262,-26.6301751948258
233,2262,-25.6021532685859
208,2262,-25.7936285363317
236,2262,-26.4007474446686
323,2262,-25.2968533154691
213,2262,-27.5043750775305
254,2262,-27.3201112733369
248,2262,-28.0842751283768
226,2262,-27.7142897700933
212,2262,-24.9519260390753
302,2262,-26.7560746424358
204,2262,-24.6260464580984
342,2262,-25.4058269074566
225,2262,-28.20323814751
30,2262,-24.4311639243706
190,2262,-26.6078766330642
210,2262,-26.6063063999405
325,2262,-24.627248402726
186,2262,-25.8546658224353
197,2262,-25.9455679842416
343,2262,-24.6607711817144
260,2262,-28.1586761541929
221,2262,-27.1484807365688
253,2262,-27.7275306116195
338,2262,-27.5575478961874
162,2262,-26.5170024111221
249,2262,-25.3418715280523
271,2293,-24.8730385318125
231,2293,-24.4519882869338
318,2293,-25.7657607718499
192,2293,-26.2495470651625
263,2293,-24.8995406057208
252,2293,-28.2342717233843
282,2293,-27.9492174146485
293,2293,-26.6006160311287
297,2293,-27.201254263176
344,2293,-25.9466160423072
233,2293,-25.4033099719843
208,2293,-25.5348826912517
236,2293,-26.1887003131147
323,2293,-25.2008141651681
213,2293,-27.193175425367
254,2293,-26.9053076749494
248,2293,-28.1387589153067
226,2293,-27.3396892907472
212,2293,-24.8490171435607
302,2293,-26.270999517097
204,2293,-24.7063291962661
342,2293,-25.4635436983226
225,2293,-28.4700882658228
30,2293,-24.2308558237718
190,2293,-26.4284299278871
210,2293,-26.4737057347818
325,2293,-24.7517710173484
186,2293,-26.147205020599
197,2293,-25.9036461535883
343,2293,-24.5673005508804
260,2293,-28.2325098610316
221,2293,-26.6895060827593
253,2293,-27.8958933627557
338,2293,-27.0954032614698
162,2293,-26.2047153733473
249,2293,-25.2143352045117
271,2324,-24.5950688747918
231,2324,-24.1735286436613
318,2324,-25.0427351978775
192,2324,-26.1331746304906
263,2324,-24.5950018283424
252,2324,-28.2421702069379
282,2324,-27.5037161951742
293,2324,-26.0742300102334
297,2324,-27.3928338449729
344,2324,-25.4692471534973
233,2324,-25.2250942831679
208,2324,-25.2415838364404
236,2324,-25.7782727997711
323,2324,-25.0712328563441
213,2324,-26.8482743533839
254,2324,-26.5004671710282
248,2324,-28.0335920555786
226,2324,-26.9520982444467
212,2324,-24.7478792857994
302,2324,-26.0063394582029
204,2324,-24.817815035145
342,2324,-25.5766437894948
225,2324,-28.5649333614042
30,2324,-24.068758823888
190,2324,-25.9555934365479
210,2324,-26.2924404037111
325,2324,-24.9278722631345
186,2324,-26.2850359501935
197,2324,-25.8666431078054
343,2324,-24.392492223951
260,2324,-28.1212684245668
221,2324,-26.051178387501
253,2324,-27.8949969574744
338,2324,-26.1300751888883
162,2324,-25.6566553055262
249,2324,-25.0697431138324
271,2355,-24.250236632385
231,2355,-23.8316105452579
318,2355,-24.4457767566931
192,2355,-25.9450873052054
263,2355,-24.3423125488958
252,2355,-27.9861725521151
282,2355,-27.0704306254029
293,2355,-25.5937444297946
297,2355,-27.4903259127176
344,2355,-24.851365463235
233,2355,-24.9850884162207
208,2355,-24.8568853599794
236,2355,-25.2207105412629
323,2355,-24.8600979978865
213,2355,-26.2907348867896
254,2355,-25.9218751440124
248,2355,-27.8646100706643
226,2355,-26.3766419597083
212,2355,-24.6376333914399
302,2355,-25.6037954385644
204,2355,-24.8489085877462
342,2355,-25.5824486381182
225,2355,-28.4585737882415
30,2355,-23.9266547503856
190,2355,-25.524275705788
210,2355,-26.0694368857575
325,2355,-24.9811317935816
186,2355,-26.2950892350509
197,2355,-25.7607891106271
343,2355,-24.3458517700421
260,2355,-27.932881500221
221,2355,-25.4992448331149
253,2355,-27.6378964597645
338,2355,-25.5135807718585
162,2355,-24.9103280564694
249,2355,-24.8620178479178
271,2386,-23.963532886662
231,2386,-23.5558457086063
318,2386,-23.9588654273689
192,2386,-25.1818509463046
263,2386,-24.1574474223169
252,2386,-26.5321860278199
282,2386,-26.469648192757
293,2386,-25.069121835958
297,2386,-27.1966451982672
344,2386,-24.3560661422064
233,2386,-24.656793591824
208,2386,-24.5365255272113
236,2386,-24.7551507937819
323,2386,-24.5827650497013
213,2386,-25.522411843639
254,2386,-25.1390863738996
248,2386,-27.6286816547476
226,2386,-25.5995659485297
212,2386,-24.5068441158626
302,2386,-25.0634127612236
204,2386,-24.8140941529338
342,2386,-25.4377213795918
225,2386,-28.2808163226948
30,2386,-23.7713678372462
190,2386,-24.9592544028032
210,2386,-25.6671219996013
325,2386,-24.8930619987368
186,2386,-26.3132963642819
197,2386,-25.5409013849472
343,2386,-24.3158656170042
260,2386,-27.6963202315188
221,2386,-24.935557289284
253,2386,-27.2525221166995
338,2386,-24.6923460826186
162,2386,-24.3551341389165
249,2386,-24.5968870972149
271,2417,-23.7583700984617
231,2417,-23.3542131401026
318,2417,-23.442114843063
192,2417,-24.8179238277838
263,2417,-23.9749309431278
252,2417,-26.1041300828208
282,2417,-25.6533670974913
293,2417,-24.437307790653
297,2417,-24.7958415072864
344,2417,-23.9517852852106
233,2417,-24.4060139069975
208,2417,-24.2397515140909
236,2417,-24.3180856306719
323,2417,-24.3310717194591
213,2417,-24.8950401636383
254,2417,-24.516304415347
248,2417,-27.2704403877589
226,2417,-24.9731966759499
212,2417,-24.380954564381
302,2417,-24.6365688853236
204,2417,-24.7741501956049
342,2417,-25.2406291158956
225,2417,-28.0275594595871
30,2417,-23.6598730744973
190,2417,-24.4959725282056
210,2417,-25.1086761737844
325,2417,-24.7648322373561
186,2417,-26.2336884780116
197,2417,-25.2562022173491
343,2417,-24.2752733977241
260,2417,-27.3288253443257
221,2417,-24.2501988591247
253,2417,-26.8624974773384
338,2417,-24.0635091922872
162,2417,-23.8678765891936
249,2417,-24.3695139288408
271,2448,-23.5676740607205
231,2448,-23.1567804147719
318,2448,-23.0112418437759
192,2448,-24.3586093738113
263,2448,-23.7965090602421
252,2448,-25.6208399114663
282,2448,-24.9951849371775
293,2448,-23.9296553673197
297,2448,-24.369589944071
344,2448,-23.5093511048294
233,2448,-24.2413129120628
208,2448,-23.8982937478064
236,2448,-23.8089997822241
323,2448,-24.085986925968
213,2448,-24.3076418128173
254,2448,-24.0521986922394
248,2448,-26.8182724959854
226,2448,-24.4360262921941
212,2448,-24.2595112311817
302,2448,-24.3294716619174
204,2448,-24.6869225778205
342,2448,-25.0405992540455
225,2448,-27.6158927407088
30,2448,-23.5542205113871
190,2448,-24.080298256354
210,2448,-24.6421563021274
325,2448,-24.6015076159996
186,2448,-26.0364301581311
197,2448,-24.9745294671009
343,2448,-24.2499793067544
260,2448,-25.6431000196831
221,2448,-23.6912635751076
253,2448,-26.3593898411027
338,2448,-23.6173394419233
162,2448,-23.2817570959025
249,2448,-24.1424476666636
271,2479,-23.3807058536544
231,2479,-22.9762921024415
318,2479,-22.6412091013166
192,2479,-23.9789297669677
263,2479,-23.5663381046496
252,2479,-25.0434586508991
282,2479,-24.4332559383029
293,2479,-23.53081130716
297,2479,-23.9201828758026
344,2479,-23.1454469484227
233,2479,-24.0769526488784
208,2479,-23.6266153705506
236,2479,-23.4115194900511
323,2479,-23.8054713821385
213,2479,-23.6056073513639
254,2479,-23.5701239621307
248,2479,-26.3946756431451
226,2479,-23.8289318570262
212,2479,-24.1258786748863
302,2479,-24.0145707790645
204,2479,-24.5161287113351
342,2479,-24.8065789716594
225,2479,-27.0812592963172
30,2479,-23.4348411798587
190,2479,-23.605144145407
210,2479,-24.2051041175905
325,2479,-24.2752688108297
186,2479,-25.7900391577365
197,2479,-24.6484452071333
343,2479,-24.2444919180827
260,2479,-25.2262785516099
221,2479,-23.1772044520801
253,2479,-25.7087696783493
338,2479,-23.1573227715334
162,2479,-22.9207741501967
249,2479,-23.875173042157
271,2510,-23.1455144135753
231,2510,-22.7433570848347
318,2510,-22.2851571201294
192,2510,-23.5856744179889
263,2510,-23.3010704504608
252,2510,-24.6101694685154
282,2510,-23.8000069523735
293,2510,-23.133793489912
297,2510,-23.3865482216457
344,2510,-22.8076976846327
233,2510,-23.9372849517686
208,2510,-23.3804559929703
236,2510,-23.0905408110691
323,2510,-23.5468504867943
213,2510,-23.0602246102214
254,2510,-23.1713117801815
248,2510,-25.8610608257123
226,2510,-23.3578171997943
212,2510,-23.9812270974613
302,2510,-23.7426064514177
204,2510,-24.2908486172876
342,2510,-24.5253014118047
225,2510,-26.5970880039346
30,2510,-23.3862815439816
190,2510,-23.2265197716758
210,2510,-23.6877994596544
325,2510,-23.8103040523037
186,2510,-25.52107637376
197,2510,-24.2577347105694
343,2510,-24.1994574337484
260,2510,-24.852130103256
221,2510,-22.6162892914837
253,2510,-25.1452652945398
338,2510,-22.8004221506584
162,2510,-22.834397058708
249,2510,-23.658256233847
271,2541,-22.8859009708502
231,2541,-22.4782365050926
318,2541,-22.0260694891678
192,2541,-23.1219332290223
263,2541,-23.1111961112705
252,2541,-24.3062533652468
282,2541,-23.3104445144888
293,2541,-22.8325116968191
297,2541,-23.0564155175561
344,2541,-22.4627592844192
233,2541,-23.8332019754679
208,2541,-23.123127496957
236,2541,-22.7666688764373
323,2541,-23.2473434130863
213,2541,-22.6326250383451
254,2541,-22.8951454628473
248,2541,-25.2025164043362
226,2541,-23.0469953574281
212,2541,-23.800717828163
302,2541,-23.470846480865
204,2541,-24.0669720718161
342,2541,-24.2728729296718
225,2541,-26.0196547189098
30,2541,-23.3441896338526
190,2541,-22.9153322980544
210,2541,-23.2674063819209
325,2541,-23.4396897784244
186,2541,-25.0726131013808
197,2541,-23.9110706369658
343,2541,-24.0699777260118
260,2541,-24.4490712618723
221,2541,-22.2413343056807
253,2541,-24.5855068167859
338,2541,-22.5317335736823
162,2541,-22.8545178344395
249,2541,-23.4444366873826
271,2572,-22.7047550467781
231,2572,-22.3281533251689
318,2572,-21.8469317319893
192,2572,-22.8171791197659
263,2572,-22.9815156026884
252,2572,-24.0028611343586
282,2572,-22.9787244202657
293,2572,-22.6198191122863
297,2572,-22.9085152323692
344,2572,-22.2558617486186
233,2572,-23.7532935150974
208,2572,-22.9804514315702
236,2572,-22.557093539132
323,2572,-22.8974561986925
213,2572,-22.2049396738619
254,2572,-22.6808693271122
248,2572,-24.7270560889973
226,2572,-22.7878600828715
212,2572,-23.5915947881962
302,2572,-23.192536884993
204,2572,-23.7453666104262
342,2572,-23.9657070364714
225,2572,-25.3065434628745
30,2572,-23.2835581699635
190,2572,-22.6050225231871
210,2572,-22.9326655783302
325,2572,-23.0759295413872
186,2572,-24.4701067241847
197,2572,-23.5540971181825
343,2572,-23.8982418848591
260,2572,-24.1582329255598
221,2572,-22.0324758001545
253,2572,-23.9467905164354
338,2572,-22.3022470358972
162,2572,-22.9787690281018
249,2572,-23.1991289693626
271,2603,-22.5911259805112
231,2603,-22.2788610049017
318,2603,-21.7124848240522
192,2603,-22.6522366170958
263,2603,-22.8633716100449
252,2603,-23.7669806317472
282,2603,-22.6955998779815
293,2603,-22.4486560594703
297,2603,-22.7862068971879
344,2603,-22.1720228140761
233,2603,-23.6884578655621
208,2603,-22.9434978292997
236,2603,-22.446836711301
323,2603,-22.6344445392273
213,2603,-21.9299557314728
254,2603,-22.4795064289301
248,2603,-24.4129676891551
226,2603,-22.5869362794935
212,2603,-23.4031520674493
302,2603,-23.0123852020031
204,2603,-23.3255450135419
342,2603,-23.5889441330505
225,2603,-24.7831453627756
30,2603,-23.3479506519757
190,2603,-22.3954004770107
210,2603,-22.6029555829016
325,2603,-22.6281686469752
186,2603,-24.0136972717139
197,2603,-23.148179725226
343,2603,-23.7555269389179
260,2603,-23.9678064714057
221,2603,-21.8753835431461
253,2603,-23.4647439153034
338,2603,-22.1777665082069
162,2603,-23.2038474841723
249,2603,-23.0319119397379
271,2634,-22.4946327414114
231,2634,-22.2570204465105
318,2634,-21.6783455321607
192,2634,-22.5037467663291
263,2634,-22.8170674015166
252,2634,-23.5893643103952
282,2634,-22.4909735417263
293,2634,-22.3530630277419
297,2634,-22.7741636413702
344,2634,-22.1384197199942
233,2634,-23.6067539197726
208,2634,-22.9477212139517
236,2634,-22.3783074163791
323,2634,-22.4366599544988
213,2634,-21.7975602146248
254,2634,-22.2533536323266
248,2634,-24.0948950677263
226,2634,-22.4426926958056
212,2634,-23.2131205849761
302,2634,-22.9220594818558
204,2634,-23.0113649246792
342,2634,-23.3217809090534
225,2634,-24.4154153895313
30,2634,-23.5300087745668
190,2634,-22.266316967739
210,2634,-22.3513972093551
325,2634,-22.3244461635724
186,2634,-23.6570820046225
197,2634,-22.825573276373
343,2634,-23.624429789757
260,2634,-23.8008271280545
221,2634,-21.8611739411543
253,2634,-23.1194681377258
338,2634,-22.1478424601402
162,2634,-23.5286158468869
249,2634,-22.9233715517975
271,2665,-22.4590192960918
231,2665,-22.3212157755207
318,2665,-21.7433562470172
192,2665,-22.4449072648255
263,2665,-22.8429148660569
252,2665,-23.4363261777743
282,2665,-22.3574141683674
293,2665,-22.3278825162517
297,2665,-22.8642587722922
344,2665,-22.213521720746
233,2665,-23.5254682270205
208,2665,-23.0355198715608
236,2665,-22.4047761742739
323,2665,-22.2404848765725
213,2665,-21.7330053715631
254,2665,-22.0422420629366
248,2665,-23.8653860148773
226,2665,-22.3521944124073
212,2665,-23.0072355803146
302,2665,-22.8684054722154
204,2665,-22.7812170731872
342,2665,-23.1311128624486
225,2665,-24.0386846207079
30,2665,-23.7616168904156
190,2665,-22.1749755591998
210,2665,-22.168173253221
325,2665,-22.1443926620728
186,2665,-23.2621003782401
197,2665,-22.5660548110939
343,2665,-23.4755320728952
260,2665,-23.7006915709432
221,2665,-21.9851767087928
253,2665,-22.7850765382357
338,2665,-22.1823737880836
162,2665,-23.9539553665937
249,2665,-22.8283300531816
271,2696,-22.4840344527761
231,2696,-22.4705879185289
318,2696,-21.8780317239948
192,2696,-22.4684678155948
263,2696,-22.9083813353073
252,2696,-23.3381964215145
282,2696,-22.2820312311643
293,2696,-22.3569316056107
297,2696,-23.0133719827325
344,2696,-22.3952893616984
233,2696,-23.509340566783
208,2696,-23.2062300545121
236,2696,-22.5203949669624
323,2696,-22.1202213694481
213,2696,-21.7921262841856
254,2696,-21.9134961691279
248,2696,-23.7115996614863
226,2696,-22.3198608308002
212,2696,-22.84679762408
302,2696,-22.888897257839
204,2696,-22.5351522051393
342,2696,-22.9325121118664
225,2696,-23.7824083432241
30,2696,-24.095202486185
190,2696,-22.1872154147511
210,2696,-22.0196998095313
325,2696,-21.9759245820992
186,2696,-22.9911057141226
197,2696,-22.3070422814468
343,2696,-23.3620879178843
260,2696,-23.6604730661587
221,2696,-22.2000907119393
253,2696,-22.5382149839447
338,2696,-22.3176871032269
162,2696,-24.4756541626702
249,2696,-22.8177207453669
271,2727,-22.5463948169355
231,2727,-22.6741006177155
318,2727,-22.0954972769028
192,2727,-22.537581446435
263,2727,-23.0245032414767
252,2727,-23.3058968249309
282,2727,-22.2865384587958
293,2727,-22.4577126573801
297,2727,-23.2536859801533
344,2727,-22.6532067094625
233,2727,-23.558743751957
208,2727,-23.4374240143383
236,2727,-22.698813664822
323,2727,-22.0718419699589
213,2727,-21.9727812436398
254,2727,-21.8655868493406
248,2727,-23.5881976884734
226,2727,-22.3441305725392
212,2727,-22.7324225342689
302,2727,-22.9826157190341
204,2727,-22.359517989138
342,2727,-22.8281902779432
225,2727,-23.6284428015908
30,2727,-24.5272390621982
190,2727,-22.2998004217251
210,2727,-21.9434476412587
325,2727,-21.9095097951292
186,2727,-22.8258697677403
197,2727,-22.1172518745898
343,2727,-23.2835269462234
260,2727,-23.6591801038184
221,2727,-22.5330860839893
253,2727,-22.3694306264661
338,2727,-22.553891430564
162,2727,-25.0950026681608
249,2727,-22.8887679106863
271,2758,-22.6552960510542
231,2758,-22.9450722219813
318,2758,-22.3995523683024
192,2758,-22.6810508418878
263,2758,-23.1944263470649
252,2758,-23.3286362437507
282,2758,-22.3682461445541
293,2758,-22.6346475734265
297,2758,-23.5981970785616
344,2758,-23.0030283002776
233,2758,-23.6384548453091
208,2758,-23.7388540357956
236,2758,-22.9625496203607
323,2758,-22.0561446662917
213,2758,-22.2458558864702
254,2758,-21.8632821158946
248,2758,-23.5389817110671
226,2758,-22.4234999958008
212,2758,-22.630708774544
302,2758,-23.1297217518844
204,2758,-22.246368801719
342,2758,-22.8080273811714
225,2758,-23.5113411033512
30,2758,-25.0299646353108
190,2758,-22.4784395923699
210,2758,-21.937930769252
325,2758,-21.9359952443713
186,2758,-22.6829975594618
197,2758,-21.9901728634011
343,2758,-23.2111614974516
260,2758,-23.7191121954051
221,2758,-22.9925164424787
253,2758,-22.2408753342437
338,2758,-22.8716363225211
162,2758,-25.8211356039151
249,2758,-23.0042776603316
271,2789,-22.814237245915
231,2789,-23.2884020376743
318,2789,-22.7848298028973
192,2789,-22.9097156675352
263,2789,-23.4135607067846
252,2789,-23.4041754742218
282,2789,-22.5163391117989
293,2789,-22.8799021669858
297,2789,-24.0356421829478
344,2789,-23.4503597183036
233,2789,-23.7598200011203
208,2789,-24.114749340208
236,2789,-23.318105952301
323,2789,-22.0946696994767
213,2789,-22.6267263126704
254,2789,-21.9233520879786
248,2789,-23.5791450165959
226,2789,-22.562475107019
212,2789,-22.5519308840201
302,2789,-23.3393094648111
204,2789,-22.1511682694601
342,2789,-22.8197038683621
225,2789,-23.489603829972
30,2789,-25.619453466984
190,2789,-22.7423897774173
210,2789,-21.9831355316583
325,2789,-22.0093876286859
186,2789,-22.6270923081907
197,2789,-21.8905086167158
343,2789,-23.1560697781815
260,2789,-23.8486433981497
221,2789,-23.5673490349962
253,2789,-22.1866020496354
338,2789,-23.2780591814364
162,2789,-26.6557963544686
249,2789,-23.1835560390683
271,2820,-23.0200055362296
231,2820,-23.6993148927386
318,2820,-23.2507049077112
192,2820,-23.2131475442896
263,2820,-23.6813391911631
252,2820,-23.5302753125925
282,2820,-22.7403428843097
293,2820,-23.192594666673
297,2820,-24.5618148872483
344,2820,-23.9893792648738
233,2820,-23.9231644000391
208,2820,-24.562029214456
236,2820,-23.7559745674933
323,2820,-22.1877890769126
213,2820,-23.119902869343
254,2820,-22.0475962444598
248,2820,-23.6922356639678
226,2820,-22.7617005376972
212,2820,-22.4964907686473
302,2820,-23.6148815824303
204,2820,-22.1053779360269
342,2820,-22.9021319996296
225,2820,-23.5625272866588
30,2820,-26.2954639916829
190,2820,-23.0926307063371
210,2820,-22.0887411673981
325,2820,-22.1648944530285
186,2820,-22.6575646358811
197,2820,-21.8437964656277
343,2820,-23.1183535613826
260,2820,-24.0396416641764
221,2820,-24.255674440016
253,2820,-22.2175800858518
338,2820,-23.7760560932693
162,2820,-27.5942870048932
249,2820,-23.4278204173214
271,2851,-23.2717286503756
231,2851,-24.1766174184698
318,2851,-23.7965530097678
192,2851,-23.5882470896889
263,2851,-23.9971946707277
252,2851,-23.9251999980249
282,2851,-23.040820276088
293,2851,-23.5718433011032
297,2851,-25.1725087853997
344,2851,-24.6187005519877
233,2851,-24.1226711463207
208,2851,-25.0794810416303
236,2851,-24.2746560006376
323,2851,-22.32473372219
213,2851,-23.7189055230736
254,2851,-22.2268481165405
248,2851,-23.8745874257812
226,2851,-23.0186311508842
212,2851,-22.4589966242582
302,2851,-23.9533759737483
204,2851,-22.109766148242
342,2851,-23.056388270543
225,2851,-23.7025061970598
30,2851,-27.0501820142052
190,2851,-23.5193751121332
210,2851,-22.2548987952239
325,2851,-22.4042504675801
186,2851,-22.7433366047956
197,2851,-21.850851531834
343,2851,-23.0924702391893
260,2851,-24.2896473473084
221,2851,-25.0555832360126
253,2851,-22.3202303311883
338,2851,-24.363254121704
162,2851,-28.6360803268425
249,2851,-23.7268970883548
271,2882,-23.5685343167307
231,2882,-24.7191162461634
318,2882,-24.4217494360907
192,2882,-24.0319149212709
263,2882,-24.3605600160058
252,2882,NA
282,2882,-23.4128742043626
293,2882,-24.0167662988915
297,2882,-25.8635174713386
344,2882,-25.3369371916447
233,2882,-24.3604732796574
208,2882,-25.6658922048216
236,2882,-24.872650786434
323,2882,-22.510332250627
213,2882,-24.4226248030804
254,2882,-22.4614289019116
248,2882,-24.1225340746342
226,2882,-23.3329883003317
212,2882,-22.4410324247912
302,2882,-24.3540394637722
204,2882,-22.1486754421156
342,2882,-23.2632324848442
225,2882,-23.9276887703065
30,2882,-27.888322851511
190,2882,-24.0257293508391
210,2882,-22.4768002144693
325,2882,-22.7095376693525
186,2882,-22.9032785943004
197,2882,-21.8989687537496
343,2882,-23.081031446962
260,2882,-24.5962008013692
221,2882,-25.9651660014601
253,2882,-22.4917830906294
338,2882,-25.0388871356655
162,2882,-29.7806490919697
249,2882,-24.0830054811926
271,2913,-23.9095502636723
231,2913,-25.3256180071147
318,2913,NA
192,2913,-24.5410516565736
263,2913,NA
252,2913,NA
282,2913,-23.857840347753
293,2913,NA
297,2913,NA
344,2913,-26.1427027958442
233,2913,-24.6421837696639
208,2913,-26.3200500871205
236,2913,-25.5484594595823
323,2913,-22.7530916816136
213,2913,-25.2299512385818
254,2913,-22.7557384623386
248,2913,-24.4324093831253
226,2913,-23.7044933397915
212,2913,-22.4471000334382
302,2913,-24.816118877509
204,2913,-22.2289286450934
342,2913,-23.5311018649066
225,2913,-24.2632305072665
30,2913,-28.8161041586888
190,2913,-24.6184537883906
210,2913,-22.7566856849262
325,2913,-23.0864844335478
186,2913,-23.1603782103242
197,2913,-21.9934051875449
343,2913,-23.0892751797771
260,2913,-24.9568423801818
221,2913,NA
253,2913,-22.7294686691598
338,2913,-25.8021890040788
162,2913,-31.0274660719286
249,2913,-24.5013173972618
271,2944,NA
231,2944,NA
318,2944,NA
192,2944,NA
263,2944,NA
252,2944,NA
282,2944,-24.3784322274659
293,2944,NA
297,2944,NA
344,2944,NA
233,2944,-24.9683375634408
208,2944,NA
236,2944,NA
323,2944,-23.0522942053739
213,2944,-26.139775358796
254,2944,-23.1108036075641
248,2944,NA
226,2944,-24.1328676230153
212,2944,-22.4776766857636
302,2944,-25.3388610399656
204,2944,-22.361664143703
342,2944,-23.8742898938764
225,2944,-24.7044659511265
30,2944,-29.8323982115124
190,2944,-25.2974302879536
210,2944,-23.0991161632443
325,2944,-23.5455374596032
186,2944,-23.5090876817262
197,2944,-22.1434014284498
343,2944,-23.1171911973192
260,2944,NA
221,2944,NA
253,2944,-23.0305173717639
338,2944,-26.6523935958689
162,2944,NA
249,2944,-24.9817920150248
271,2975,NA
231,2975,NA
318,2975,NA
192,2975,NA
263,2975,NA
252,2975,NA
282,2975,-24.9744379002692
293,2975,NA
297,2975,NA
344,2975,NA
233,2975,-25.3334506669091
208,2975,NA
236,2975,NA
323,2975,-23.3989311934773
213,2975,NA
254,2975,-23.5218859572444
248,2975,NA
226,2975,NA
212,2975,-22.5283094142643
302,2975,NA
204,2975,-22.5453635444678
342,2975,-24.2910548150401
225,2975,-25.2248118744964
30,2975,-30.9309022579688
190,2975,-26.0554474514067
210,2975,-23.5039977169293
325,2975,-24.085440324797
186,2975,-23.9254743222682
197,2975,-22.3479764948239
343,2975,-23.1595187818609
260,2975,NA
221,2975,NA
253,2975,NA
338,2975,NA
162,2975,NA
249,2975,-25.5188298290583
271,3006,NA
231,3006,NA
318,3006,NA
192,3006,NA
263,3006,NA
252,3006,NA
282,3006,-25.6428048481245
293,3006,NA
297,3006,NA
344,3006,NA
233,3006,NA
208,3006,NA
236,3006,NA
323,3006,NA
213,3006,NA
254,3006,NA
248,3006,NA
226,3006,NA
212,3006,NA
302,3006,NA
204,3006,-22.7678645048282
342,3006,-24.7657809909817
225,3006,NA
30,3006,NA
190,3006,NA
210,3006,-23.9665882720567
325,3006,-24.694366721093
186,3006,NA
197,3006,-22.5970550775315
343,3006,NA
260,3006,NA
221,3006,NA
253,3006,NA
338,3006,NA
162,3006,NA
249,3006,NA
